------------------------------------------------------
Started: 2026-05-25 09:53:03.530330
Existing_entries: 0
Fetching from https://rsshub.app/juejin/posts/1838039172387262
Fetch error: 403
Fetch failed from https://rsshub.app/juejin/posts/1838039172387262
append_entries: 0
error when rendering xml, skip docs/juejinzhuanlan
------------------------------------------------------
Started: 2026-05-25 12:55:42.361523
Existing_entries: 0
Fetching from https://rsshub.app/juejin/posts/1838039172387262
Fetch error: 403
Fetch failed from https://rsshub.app/juejin/posts/1838039172387262
append_entries: 0
error when rendering xml, skip docs/juejinzhuanlan
------------------------------------------------------
Started: 2026-05-25 16:14:48.001497
Existing_entries: 0
Fetching from https://rsshub.app/juejin/posts/1838039172387262
Fetch error: 403
Fetch failed from https://rsshub.app/juejin/posts/1838039172387262
append_entries: 0
error when rendering xml, skip docs/juejinzhuanlan
------------------------------------------------------
Started: 2026-05-25 19:13:15.321025
Existing_entries: 0
Fetching from https://rsshub.app/juejin/posts/1838039172387262
Fetch error: 403
Fetch failed from https://rsshub.app/juejin/posts/1838039172387262
append_entries: 0
error when rendering xml, skip docs/juejinzhuanlan
------------------------------------------------------
Started: 2026-05-25 20:56:06.076865
Existing_entries: 0
Fetching from https://rsshub.app/juejin/posts/1838039172387262
Fetch error: 403
Fetch failed from https://rsshub.app/juejin/posts/1838039172387262
append_entries: 0
error when rendering xml, skip docs/juejinzhuanlan
------------------------------------------------------
Started: 2026-05-25 22:50:25.755421
Existing_entries: 0
Fetching from https://rsshub.app/juejin/posts/1838039172387262
Fetch error: 403
Fetch failed from https://rsshub.app/juejin/posts/1838039172387262
append_entries: 0
error when rendering xml, skip docs/juejinzhuanlan
------------------------------------------------------
Started: 2026-05-26 01:56:56.627031
Existing_entries: 0
Fetching from https://rsshub.app/juejin/posts/1838039172387262
Fetch error: 403
Fetch failed from https://rsshub.app/juejin/posts/1838039172387262
append_entries: 0
error when rendering xml, skip docs/juejinzhuanlan
------------------------------------------------------
Started: 2026-05-26 05:58:48.638303
Existing_entries: 0
Fetching from https://rsshub.app/juejin/posts/1838039172387262
Fetch error: 403
Fetch failed from https://rsshub.app/juejin/posts/1838039172387262
append_entries: 0
error when rendering xml, skip docs/juejinzhuanlan
------------------------------------------------------
Started: 2026-05-26 09:44:11.067615
Existing_entries: 0
Fetching from https://rsshub.app/juejin/posts/1838039172387262
Fetch error: 403
Fetch failed from https://rsshub.app/juejin/posts/1838039172387262
append_entries: 0
error when rendering xml, skip docs/juejinzhuanlan
------------------------------------------------------
Started: 2026-05-26 12:34:20.943914
Existing_entries: 0
Fetching from https://rsshub.app/juejin/posts/1838039172387262
Fetch error: 403
Fetch failed from https://rsshub.app/juejin/posts/1838039172387262
append_entries: 0
error when rendering xml, skip docs/juejinzhuanlan
------------------------------------------------------
Started: 2026-05-26 17:18:35.139146
Existing_entries: 0
Fetching from https://rsshub.app/juejin/posts/1838039172387262
Fetch error: 403
Fetch failed from https://rsshub.app/juejin/posts/1838039172387262
append_entries: 0
error when rendering xml, skip docs/juejinzhuanlan
------------------------------------------------------
Started: 2026-05-26 19:52:06.424393
Existing_entries: 0
Fetching from https://rsshub.app/juejin/posts/1838039172387262
Fetch error: 403
Fetch failed from https://rsshub.app/juejin/posts/1838039172387262
append_entries: 0
error when rendering xml, skip docs/juejinzhuanlan
------------------------------------------------------
Started: 2026-05-26 21:25:45.338284
Existing_entries: 0
Fetching from https://rsshub.app/juejin/posts/1838039172387262
Fetch error: 403
Fetch failed from https://rsshub.app/juejin/posts/1838039172387262
append_entries: 0
error when rendering xml, skip docs/juejinzhuanlan
------------------------------------------------------
Started: 2026-05-26 22:59:33.074724
Existing_entries: 0
Fetching from https://rsshub.app/juejin/posts/1838039172387262
Fetch error: 403
Fetch failed from https://rsshub.app/juejin/posts/1838039172387262
append_entries: 0
error when rendering xml, skip docs/juejinzhuanlan
------------------------------------------------------
Started: 2026-05-27 02:05:27.748895
Existing_entries: 0
Fetching from https://rsshub.app/juejin/posts/1838039172387262
Fetch error: 403
Fetch failed from https://rsshub.app/juejin/posts/1838039172387262
append_entries: 0
error when rendering xml, skip docs/juejinzhuanlan
------------------------------------------------------
Started: 2026-05-27 07:55:33.511459
Existing_entries: 0
Fetching from https://rsshub.app/juejin/posts/1838039172387262
Fetch error: 403
Fetch failed from https://rsshub.app/juejin/posts/1838039172387262
append_entries: 0
error when rendering xml, skip docs/juejinzhuanlan
------------------------------------------------------
Started: 2026-05-27 11:27:14.158317
Existing_entries: 0
Fetching from https://rsshub.app/juejin/posts/1838039172387262
Fetch error: 403
Fetch failed from https://rsshub.app/juejin/posts/1838039172387262
append_entries: 0
error when rendering xml, skip docs/juejinzhuanlan
------------------------------------------------------
Started: 2026-05-27 14:51:14.435743
Existing_entries: 0
Fetching from https://rsshub.app/juejin/posts/1838039172387262
Fetch error: 403
Fetch failed from https://rsshub.app/juejin/posts/1838039172387262
append_entries: 0
error when rendering xml, skip docs/juejinzhuanlan
------------------------------------------------------
Started: 2026-05-27 18:16:19.509762
Existing_entries: 0
Fetching from https://rsshub.app/juejin/posts/1838039172387262
Fetch error: 403
Fetch failed from https://rsshub.app/juejin/posts/1838039172387262
append_entries: 0
error when rendering xml, skip docs/juejinzhuanlan
------------------------------------------------------
Started: 2026-05-27 21:42:54.412683
Existing_entries: 0
Fetching from https://rsshub.app/juejin/posts/1838039172387262
Fetch error: 403
Fetch failed from https://rsshub.app/juejin/posts/1838039172387262
append_entries: 0
error when rendering xml, skip docs/juejinzhuanlan
------------------------------------------------------
Started: 2026-05-27 23:06:59.900161
Existing_entries: 0
Fetching from https://rsshub.app/juejin/posts/1838039172387262
Fetch error: 403
Fetch failed from https://rsshub.app/juejin/posts/1838039172387262
append_entries: 0
error when rendering xml, skip docs/juejinzhuanlan
------------------------------------------------------
Started: 2026-05-28 01:49:27.649542
Existing_entries: 0
Fetching from https://rsshub.app/juejin/posts/1838039172387262
Fetch error: 403
Fetch failed from https://rsshub.app/juejin/posts/1838039172387262
append_entries: 0
error when rendering xml, skip docs/juejinzhuanlan
------------------------------------------------------
Started: 2026-05-28 05:59:43.701282
Existing_entries: 0
Fetching from https://rsshub.app/juejin/posts/1838039172387262
Fetch error: 403
Fetch failed from https://rsshub.app/juejin/posts/1838039172387262
append_entries: 0
error when rendering xml, skip docs/juejinzhuanlan
------------------------------------------------------
Started: 2026-05-28 09:58:22.969109
Existing_entries: 0
Fetching from https://rsshub.app/juejin/posts/1838039172387262
Fetch error: 403
Fetch failed from https://rsshub.app/juejin/posts/1838039172387262
append_entries: 0
error when rendering xml, skip docs/juejinzhuanlan
------------------------------------------------------
Started: 2026-05-28 13:43:27.831070
Existing_entries: 0
Fetching from https://rsshub.app/juejin/posts/1838039172387262
Fetch error: 403
Fetch failed from https://rsshub.app/juejin/posts/1838039172387262
append_entries: 0
error when rendering xml, skip docs/juejinzhuanlan
------------------------------------------------------
Started: 2026-05-28 17:31:04.963125
Existing_entries: 0
Fetching from https://rsshub.app/juejin/posts/1838039172387262
Fetch error: 403
Fetch failed from https://rsshub.app/juejin/posts/1838039172387262
append_entries: 0
error when rendering xml, skip docs/juejinzhuanlan
------------------------------------------------------
Started: 2026-05-28 20:01:18.538091
Existing_entries: 0
Fetching from https://rsshub.app/juejin/posts/1838039172387262
Fetch error: 403
Fetch failed from https://rsshub.app/juejin/posts/1838039172387262
append_entries: 0
error when rendering xml, skip docs/juejinzhuanlan
------------------------------------------------------
Started: 2026-05-28 23:05:59.420930
Existing_entries: 0
Fetching from https://rsshub.app/juejin/posts/1838039172387262
Fetch error: 403
Fetch failed from https://rsshub.app/juejin/posts/1838039172387262
append_entries: 0
error when rendering xml, skip docs/juejinzhuanlan
------------------------------------------------------
Started: 2026-05-29 01:58:17.551516
Existing_entries: 0
Fetching from https://rsshub.app/juejin/posts/1838039172387262
Fetch error: 403
Fetch failed from https://rsshub.app/juejin/posts/1838039172387262
append_entries: 0
error when rendering xml, skip docs/juejinzhuanlan
------------------------------------------------------
Started: 2026-05-29 06:08:48.485357
Existing_entries: 0
Fetching from https://rsshub.app/juejin/posts/1838039172387262
Fetch error: 403
Fetch failed from https://rsshub.app/juejin/posts/1838039172387262
append_entries: 0
error when rendering xml, skip docs/juejinzhuanlan
------------------------------------------------------
Started: 2026-05-29 11:18:03.369888
Existing_entries: 0
Fetching from https://rsshub.app/juejin/posts/1838039172387262
Fetch error: 403
Fetch failed from https://rsshub.app/juejin/posts/1838039172387262
append_entries: 0
error when rendering xml, skip docs/juejinzhuanlan
------------------------------------------------------
Started: 2026-05-29 14:34:09.828541
Existing_entries: 0
Fetching from https://rsshub.app/juejin/posts/1838039172387262
Fetch error: 403
Fetch failed from https://rsshub.app/juejin/posts/1838039172387262
append_entries: 0
error when rendering xml, skip docs/juejinzhuanlan
------------------------------------------------------
Started: 2026-05-29 18:25:47.845355
Existing_entries: 0
Fetching from https://rsshub.app/juejin/posts/1838039172387262
Fetch error: 403
Fetch failed from https://rsshub.app/juejin/posts/1838039172387262
append_entries: 0
error when rendering xml, skip docs/juejinzhuanlan
------------------------------------------------------
Started: 2026-05-29 21:30:36.356877
Existing_entries: 0
Fetching from https://rsshub.app/juejin/posts/1838039172387262
Fetch error: 403
Fetch failed from https://rsshub.app/juejin/posts/1838039172387262
append_entries: 0
error when rendering xml, skip docs/juejinzhuanlan
------------------------------------------------------
Started: 2026-05-29 23:01:35.014718
Existing_entries: 0
Fetching from https://rsshub.app/juejin/posts/1838039172387262
Fetch error: 403
Fetch failed from https://rsshub.app/juejin/posts/1838039172387262
append_entries: 0
error when rendering xml, skip docs/juejinzhuanlan
------------------------------------------------------
Started: 2026-05-30 01:53:36.136690
Existing_entries: 0
Fetching from https://rsshub.app/juejin/posts/1838039172387262
Fetch error: 403
Fetch failed from https://rsshub.app/juejin/posts/1838039172387262
append_entries: 0
error when rendering xml, skip docs/juejinzhuanlan
------------------------------------------------------
Started: 2026-05-30 05:39:43.175853
Existing_entries: 0
Fetching from https://rsshub.app/juejin/posts/1838039172387262
Fetch error: 403
Fetch failed from https://rsshub.app/juejin/posts/1838039172387262
append_entries: 0
error when rendering xml, skip docs/juejinzhuanlan
------------------------------------------------------
Started: 2026-05-30 08:13:48.519598
Existing_entries: 0
Fetching from https://rsshub.app/juejin/posts/1838039172387262
Fetch error: 403
Fetch failed from https://rsshub.app/juejin/posts/1838039172387262
append_entries: 0
error when rendering xml, skip docs/juejinzhuanlan
------------------------------------------------------
Started: 2026-05-30 11:10:52.883522
Existing_entries: 0
Fetching from https://rsshub.app/juejin/posts/1838039172387262
Fetch error: 403
Fetch failed from https://rsshub.app/juejin/posts/1838039172387262
append_entries: 0
error when rendering xml, skip docs/juejinzhuanlan
------------------------------------------------------
Started: 2026-05-30 12:58:23.111173
Existing_entries: 0
Fetching from https://rsshub.app/juejin/posts/1838039172387262
Fetch error: 403
Fetch failed from https://rsshub.app/juejin/posts/1838039172387262
append_entries: 0
error when rendering xml, skip docs/juejinzhuanlan
------------------------------------------------------
Started: 2026-05-30 14:58:06.610767
Existing_entries: 0
Fetching from https://rsshub.app/juejin/posts/1838039172387262
Fetch error: 403
Fetch failed from https://rsshub.app/juejin/posts/1838039172387262
append_entries: 0
error when rendering xml, skip docs/juejinzhuanlan
------------------------------------------------------
Started: 2026-05-30 16:50:22.862319
Existing_entries: 0
Fetching from https://rsshub.app/juejin/posts/1838039172387262
Fetch error: 403
Fetch failed from https://rsshub.app/juejin/posts/1838039172387262
append_entries: 0
error when rendering xml, skip docs/juejinzhuanlan
------------------------------------------------------
Started: 2026-05-30 18:56:31.768330
Existing_entries: 0
Fetching from https://rsshub.app/juejin/posts/1838039172387262
Fetch error: 403
Fetch failed from https://rsshub.app/juejin/posts/1838039172387262
append_entries: 0
error when rendering xml, skip docs/juejinzhuanlan
------------------------------------------------------
Started: 2026-05-30 20:42:11.433009
Existing_entries: 0
Fetching from https://rsshub.app/juejin/posts/1838039172387262
Fetch error: 403
Fetch failed from https://rsshub.app/juejin/posts/1838039172387262
append_entries: 0
error when rendering xml, skip docs/juejinzhuanlan
------------------------------------------------------
Started: 2026-05-30 22:44:43.993426
Existing_entries: 0
Fetching from https://rsshub.app/juejin/posts/1838039172387262
Fetch error: 403
Fetch failed from https://rsshub.app/juejin/posts/1838039172387262
append_entries: 0
error when rendering xml, skip docs/juejinzhuanlan
------------------------------------------------------
Started: 2026-05-31 02:06:21.578786
Existing_entries: 0
Fetching from https://rsshub.app/juejin/posts/1838039172387262
Fetch error: 403
Fetch failed from https://rsshub.app/juejin/posts/1838039172387262
append_entries: 0
error when rendering xml, skip docs/juejinzhuanlan
------------------------------------------------------
Started: 2026-05-31 07:37:16.834859
Existing_entries: 0
Fetching from https://rsshub.app/juejin/posts/1838039172387262
Fetch error: 403
Fetch failed from https://rsshub.app/juejin/posts/1838039172387262
append_entries: 0
error when rendering xml, skip docs/juejinzhuanlan
------------------------------------------------------
Started: 2026-05-31 10:06:15.942100
Existing_entries: 0
Fetching from https://rsshub.app/juejin/posts/1838039172387262
Fetch error: 403
Fetch failed from https://rsshub.app/juejin/posts/1838039172387262
append_entries: 0
error when rendering xml, skip docs/juejinzhuanlan
------------------------------------------------------
Started: 2026-05-31 13:08:08.746282
Existing_entries: 0
Fetching from https://rsshub.app/juejin/posts/1838039172387262
Fetch error: 403
Fetch failed from https://rsshub.app/juejin/posts/1838039172387262
append_entries: 0
error when rendering xml, skip docs/juejinzhuanlan
------------------------------------------------------
Started: 2026-05-31 15:09:09.678749
Existing_entries: 0
Fetching from https://rsshub.app/juejin/posts/1838039172387262
Fetch error: 403
Fetch failed from https://rsshub.app/juejin/posts/1838039172387262
append_entries: 0
error when rendering xml, skip docs/juejinzhuanlan
------------------------------------------------------
Started: 2026-05-31 16:53:27.346368
Existing_entries: 0
Fetching from https://rsshub.app/juejin/posts/1838039172387262
Fetch error: 403
Fetch failed from https://rsshub.app/juejin/posts/1838039172387262
append_entries: 0
error when rendering xml, skip docs/juejinzhuanlan
------------------------------------------------------
Started: 2026-05-31 19:01:52.412486
Existing_entries: 0
Fetching from https://rsshub.app/juejin/posts/1838039172387262
Fetch error: 403
Fetch failed from https://rsshub.app/juejin/posts/1838039172387262
append_entries: 0
error when rendering xml, skip docs/juejinzhuanlan
------------------------------------------------------
Started: 2026-05-31 20:45:39.352203
Existing_entries: 0
Fetching from https://rsshub.app/juejin/posts/1838039172387262
Fetch error: 403
Fetch failed from https://rsshub.app/juejin/posts/1838039172387262
append_entries: 0
error when rendering xml, skip docs/juejinzhuanlan
------------------------------------------------------
Started: 2026-05-31 22:45:30.172852
Existing_entries: 0
Fetching from https://rsshub.app/juejin/posts/1838039172387262
Fetch error: 403
Fetch failed from https://rsshub.app/juejin/posts/1838039172387262
append_entries: 0
error when rendering xml, skip docs/juejinzhuanlan
------------------------------------------------------
Started: 2026-06-01 02:15:00.809416
Existing_entries: 0
Fetching from https://rsshub.app/juejin/posts/1838039172387262
Fetch error: 403
Fetch failed from https://rsshub.app/juejin/posts/1838039172387262
append_entries: 0
error when rendering xml, skip docs/juejinzhuanlan
------------------------------------------------------
Started: 2026-06-01 09:09:46.218114
Existing_entries: 0
Fetching from https://rsshub.app/juejin/posts/1838039172387262
Fetch error: 403
Fetch failed from https://rsshub.app/juejin/posts/1838039172387262
append_entries: 0
error when rendering xml, skip docs/juejinzhuanlan
------------------------------------------------------
Started: 2026-06-01 15:46:32.258484
Existing_entries: 0
Fetching from https://rsshub.app/juejin/posts/1838039172387262
Fetch error: 403
Fetch failed from https://rsshub.app/juejin/posts/1838039172387262
append_entries: 0
error when rendering xml, skip docs/juejinzhuanlan
------------------------------------------------------
Started: 2026-06-01 20:08:53.219501
Existing_entries: 0
Fetching from https://rsshub.app/juejin/posts/1838039172387262
Fetch error: 403
Fetch failed from https://rsshub.app/juejin/posts/1838039172387262
append_entries: 0
error when rendering xml, skip docs/juejinzhuanlan
------------------------------------------------------
Started: 2026-06-01 23:20:40.218415
Existing_entries: 0
Fetching from https://rsshub.app/juejin/posts/1838039172387262
Fetch error: 403
Fetch failed from https://rsshub.app/juejin/posts/1838039172387262
append_entries: 0
error when rendering xml, skip docs/juejinzhuanlan
------------------------------------------------------
Started: 2026-06-02 02:15:49.089114
Existing_entries: 0
Fetching from https://rsshub.app/juejin/posts/1838039172387262
Fetch error: 403
Fetch failed from https://rsshub.app/juejin/posts/1838039172387262
append_entries: 0
error when rendering xml, skip docs/juejinzhuanlan
------------------------------------------------------
Started: 2026-06-02 08:19:09.178052
Existing_entries: 0
Fetching from https://rsshub.app/juejin/posts/1838039172387262
Fetch error: 403
Fetch failed from https://rsshub.app/juejin/posts/1838039172387262
append_entries: 0
error when rendering xml, skip docs/juejinzhuanlan
------------------------------------------------------
Started: 2026-06-02 13:46:56.598686
Existing_entries: 0
Fetching from https://rsshub.app/juejin/posts/1838039172387262
Fetch error: 403
Fetch failed from https://rsshub.app/juejin/posts/1838039172387262
append_entries: 0
error when rendering xml, skip docs/juejinzhuanlan
------------------------------------------------------
Started: 2026-06-02 17:59:50.621557
Existing_entries: 0
Fetching from https://rsshub.app/juejin/posts/1838039172387262
Fetch error: 403
Fetch failed from https://rsshub.app/juejin/posts/1838039172387262
append_entries: 0
error when rendering xml, skip docs/juejinzhuanlan
------------------------------------------------------
Started: 2026-06-02 20:45:32.851217
Existing_entries: 0
Fetching from https://rsshub.app/juejin/posts/1838039172387262
Fetch error: 403
Fetch failed from https://rsshub.app/juejin/posts/1838039172387262
append_entries: 0
error when rendering xml, skip docs/juejinzhuanlan
------------------------------------------------------
Started: 2026-06-02 23:24:45.557958
Existing_entries: 0
Fetching from https://rsshub.app/juejin/posts/1838039172387262
Fetch error: 403
Fetch failed from https://rsshub.app/juejin/posts/1838039172387262
append_entries: 0
error when rendering xml, skip docs/juejinzhuanlan
------------------------------------------------------
Started: 2026-06-03 02:33:38.608289
Existing_entries: 0
Fetching from https://rsshub.app/juejin/posts/1838039172387262
Fetch error: 403
Fetch failed from https://rsshub.app/juejin/posts/1838039172387262
append_entries: 0
error when rendering xml, skip docs/juejinzhuanlan
------------------------------------------------------
Started: 2026-06-03 08:46:35.674381
Existing_entries: 0
Fetching from https://rsshub.app/juejin/posts/1838039172387262
Fetch error: 403
Fetch failed from https://rsshub.app/juejin/posts/1838039172387262
append_entries: 0
error when rendering xml, skip docs/juejinzhuanlan
------------------------------------------------------
Started: 2026-06-03 14:19:59.634964
Existing_entries: 0
Fetching from https://rsshub.app/juejin/posts/1838039172387262
Fetch error: 403
Fetch failed from https://rsshub.app/juejin/posts/1838039172387262
append_entries: 0
error when rendering xml, skip docs/juejinzhuanlan
------------------------------------------------------
Started: 2026-06-03 19:40:53.971066
Existing_entries: 0
Fetching from https://rsshub.app/juejin/posts/1838039172387262
Fetch error: 403
Fetch failed from https://rsshub.app/juejin/posts/1838039172387262
append_entries: 0
error when rendering xml, skip docs/juejinzhuanlan
------------------------------------------------------
Started: 2026-06-03 22:22:19.981840
Existing_entries: 0
Fetching from https://rsshub.app/juejin/posts/1838039172387262
Fetch error: 403
Fetch failed from https://rsshub.app/juejin/posts/1838039172387262
append_entries: 0
error when rendering xml, skip docs/juejinzhuanlan
------------------------------------------------------
Started: 2026-06-04 02:30:26.434724
Existing_entries: 0
Fetching from https://rsshub.app/juejin/posts/1838039172387262
Fetch error: 403
Fetch failed from https://rsshub.app/juejin/posts/1838039172387262
append_entries: 0
error when rendering xml, skip docs/juejinzhuanlan
------------------------------------------------------
Started: 2026-06-04 08:11:28.423432
Existing_entries: 0
Fetching from https://rsshub.app/juejin/posts/1838039172387262
Fetch error: 403
Fetch failed from https://rsshub.app/juejin/posts/1838039172387262
append_entries: 0
error when rendering xml, skip docs/juejinzhuanlan
------------------------------------------------------
Started: 2026-06-04 12:36:44.605134
Existing_entries: 0
Fetching from https://rsshub.app/juejin/posts/1838039172387262
Fetch error: 403
Fetch failed from https://rsshub.app/juejin/posts/1838039172387262
append_entries: 0
error when rendering xml, skip docs/juejinzhuanlan
------------------------------------------------------
Started: 2026-06-04 16:44:15.037942
Existing_entries: 0
Fetching from https://rsshub.app/juejin/posts/1838039172387262
Fetch error: 403
Fetch failed from https://rsshub.app/juejin/posts/1838039172387262
append_entries: 0
error when rendering xml, skip docs/juejinzhuanlan
------------------------------------------------------
Started: 2026-06-04 19:52:16.750021
Existing_entries: 0
Fetching from https://rsshub.app/juejin/posts/1838039172387262
Fetch error: 403
Fetch failed from https://rsshub.app/juejin/posts/1838039172387262
append_entries: 0
error when rendering xml, skip docs/juejinzhuanlan
------------------------------------------------------
Started: 2026-06-04 21:21:26.554072
Existing_entries: 0
Fetching from https://rsshub.app/juejin/posts/1838039172387262
Fetch error: 403
Fetch failed from https://rsshub.app/juejin/posts/1838039172387262
append_entries: 0
error when rendering xml, skip docs/juejinzhuanlan
------------------------------------------------------
Started: 2026-06-04 22:59:10.540898
Existing_entries: 0
Fetching from https://rsshub.app/juejin/posts/1838039172387262
Fetch error: 403
Fetch failed from https://rsshub.app/juejin/posts/1838039172387262
append_entries: 0
error when rendering xml, skip docs/juejinzhuanlan
------------------------------------------------------
Started: 2026-06-05 02:04:57.738332
Existing_entries: 0
Fetching from https://rsshub.app/juejin/posts/1838039172387262
Fetch error: 403
Fetch failed from https://rsshub.app/juejin/posts/1838039172387262
append_entries: 0
error when rendering xml, skip docs/juejinzhuanlan
------------------------------------------------------
Started: 2026-06-05 07:58:36.579572
Existing_entries: 0
Fetching from https://rsshub.app/juejin/posts/1838039172387262
Fetch error: 403
Fetch failed from https://rsshub.app/juejin/posts/1838039172387262
append_entries: 0
error when rendering xml, skip docs/juejinzhuanlan
------------------------------------------------------
Started: 2026-06-05 11:22:27.336604
Existing_entries: 0
Fetching from https://rsshub.app/juejin/posts/1838039172387262
Fetch error: 403
Fetch failed from https://rsshub.app/juejin/posts/1838039172387262
append_entries: 0
error when rendering xml, skip docs/juejinzhuanlan
------------------------------------------------------
Started: 2026-06-05 14:19:58.378296
Existing_entries: 0
Fetching from https://rsshub.app/juejin/posts/1838039172387262
Fetch error: 403
Fetch failed from https://rsshub.app/juejin/posts/1838039172387262
append_entries: 0
error when rendering xml, skip docs/juejinzhuanlan
------------------------------------------------------
Started: 2026-06-05 17:45:27.647664
Existing_entries: 0
Fetching from https://rsshub.app/juejin/posts/1838039172387262
Fetch error: 403
Fetch failed from https://rsshub.app/juejin/posts/1838039172387262
append_entries: 0
error when rendering xml, skip docs/juejinzhuanlan
------------------------------------------------------
Started: 2026-06-05 19:27:38.364825
Existing_entries: 0
Fetching from https://rsshub.app/juejin/posts/1838039172387262
Fetch error: 403
Fetch failed from https://rsshub.app/juejin/posts/1838039172387262
append_entries: 0
error when rendering xml, skip docs/juejinzhuanlan
------------------------------------------------------
Started: 2026-06-05 21:14:56.130774
Existing_entries: 0
Fetching from https://rsshub.app/juejin/posts/1838039172387262
Fetch error: 403
Fetch failed from https://rsshub.app/juejin/posts/1838039172387262
append_entries: 0
error when rendering xml, skip docs/juejinzhuanlan
------------------------------------------------------
Started: 2026-06-05 22:55:14.339441
Existing_entries: 0
Fetching from https://rsshub.app/juejin/posts/1838039172387262
Fetch error: 403
Fetch failed from https://rsshub.app/juejin/posts/1838039172387262
append_entries: 0
error when rendering xml, skip docs/juejinzhuanlan
------------------------------------------------------
Started: 2026-06-06 01:56:14.966504
Existing_entries: 0
Fetching from https://rsshub.app/juejin/posts/1838039172387262
Fetch error: 403
Fetch failed from https://rsshub.app/juejin/posts/1838039172387262
append_entries: 0
error when rendering xml, skip docs/juejinzhuanlan
------------------------------------------------------
Started: 2026-06-06 05:46:22.867437
Existing_entries: 0
Fetching from https://rsshub.app/juejin/posts/1838039172387262
Fetch error: 403
Fetch failed from https://rsshub.app/juejin/posts/1838039172387262
append_entries: 0
error when rendering xml, skip docs/juejinzhuanlan
------------------------------------------------------
Started: 2026-06-06 08:22:03.310934
Existing_entries: 0
Fetching from https://rsshub.app/juejin/posts/1838039172387262
Fetch error: 403
Fetch failed from https://rsshub.app/juejin/posts/1838039172387262
append_entries: 0
error when rendering xml, skip docs/juejinzhuanlan
------------------------------------------------------
Started: 2026-06-06 11:15:19.212300
Existing_entries: 0
Fetching from https://rsshub.app/juejin/posts/1838039172387262
Fetch error: 403
Fetch failed from https://rsshub.app/juejin/posts/1838039172387262
append_entries: 0
error when rendering xml, skip docs/juejinzhuanlan
------------------------------------------------------
Started: 2026-06-06 13:02:55.502649
Existing_entries: 0
Fetching from https://rsshub.app/juejin/posts/1838039172387262
Fetch error: 403
Fetch failed from https://rsshub.app/juejin/posts/1838039172387262
append_entries: 0
error when rendering xml, skip docs/juejinzhuanlan
------------------------------------------------------
Started: 2026-06-06 15:04:11.155346
Existing_entries: 0
Fetching from https://rsshub.app/juejin/posts/1838039172387262
Fetch error: 403
Fetch failed from https://rsshub.app/juejin/posts/1838039172387262
append_entries: 0
error when rendering xml, skip docs/juejinzhuanlan
------------------------------------------------------
Started: 2026-06-06 16:56:58.746226
Existing_entries: 0
Fetching from https://rsshub.app/juejin/posts/1838039172387262
Fetch error: 403
Fetch failed from https://rsshub.app/juejin/posts/1838039172387262
append_entries: 0
error when rendering xml, skip docs/juejinzhuanlan
------------------------------------------------------
Started: 2026-06-06 19:01:24.780368
Existing_entries: 0
Fetching from https://rsshub.app/juejin/posts/1838039172387262
Fetch error: 403
Fetch failed from https://rsshub.app/juejin/posts/1838039172387262
append_entries: 0
error when rendering xml, skip docs/juejinzhuanlan
------------------------------------------------------
Started: 2026-06-06 20:52:15.795517
Existing_entries: 0
Fetching from https://rsshub.app/juejin/posts/1838039172387262
Fetch error: 403
Fetch failed from https://rsshub.app/juejin/posts/1838039172387262
append_entries: 0
error when rendering xml, skip docs/juejinzhuanlan
------------------------------------------------------
Started: 2026-06-06 22:52:51.337602
Existing_entries: 0
Fetching from https://rsshub.app/juejin/posts/1838039172387262
Fetch error: 403
Fetch failed from https://rsshub.app/juejin/posts/1838039172387262
append_entries: 0
error when rendering xml, skip docs/juejinzhuanlan
------------------------------------------------------
Started: 2026-06-07 02:11:21.730547
Existing_entries: 0
Fetching from https://rsshub.app/juejin/posts/1838039172387262
Fetch error: 403
Fetch failed from https://rsshub.app/juejin/posts/1838039172387262
append_entries: 0
error when rendering xml, skip docs/juejinzhuanlan
------------------------------------------------------
Started: 2026-06-07 07:46:02.309260
Existing_entries: 0
Fetching from https://rsshub.app/juejin/posts/1838039172387262
Fetch error: 403
Fetch failed from https://rsshub.app/juejin/posts/1838039172387262
append_entries: 0
error when rendering xml, skip docs/juejinzhuanlan
------------------------------------------------------
Started: 2026-06-07 10:20:41.695129
Existing_entries: 0
Fetching from https://rsshub.app/juejin/posts/1838039172387262
Fetch error: 403
Fetch failed from https://rsshub.app/juejin/posts/1838039172387262
append_entries: 0
error when rendering xml, skip docs/juejinzhuanlan
------------------------------------------------------
Started: 2026-06-07 13:16:05.703474
Existing_entries: 0
Fetching from https://rsshub.app/juejin/posts/1838039172387262
Fetch error: 403
Fetch failed from https://rsshub.app/juejin/posts/1838039172387262
append_entries: 0
error when rendering xml, skip docs/juejinzhuanlan
------------------------------------------------------
Started: 2026-06-07 15:16:48.854727
Existing_entries: 0
Fetching from https://rsshub.app/juejin/posts/1838039172387262
Fetch error: 403
Fetch failed from https://rsshub.app/juejin/posts/1838039172387262
append_entries: 0
error when rendering xml, skip docs/juejinzhuanlan
------------------------------------------------------
Started: 2026-06-07 17:02:47.009597
Existing_entries: 0
Fetching from https://rsshub.app/juejin/posts/1838039172387262
Fetch error: 403
Fetch failed from https://rsshub.app/juejin/posts/1838039172387262
append_entries: 0
error when rendering xml, skip docs/juejinzhuanlan
------------------------------------------------------
Started: 2026-06-07 19:02:33.317426
Existing_entries: 0
Fetching from https://rsshub.app/juejin/posts/1838039172387262
Fetch error: 403
Fetch failed from https://rsshub.app/juejin/posts/1838039172387262
append_entries: 0
error when rendering xml, skip docs/juejinzhuanlan
------------------------------------------------------
Started: 2026-06-07 20:58:06.619695
Existing_entries: 0
Fetching from https://rsshub.app/juejin/posts/1838039172387262
Fetch error: 403
Fetch failed from https://rsshub.app/juejin/posts/1838039172387262
append_entries: 0
error when rendering xml, skip docs/juejinzhuanlan
------------------------------------------------------
Started: 2026-06-07 22:52:58.841205
Existing_entries: 0
Fetching from https://rsshub.app/juejin/posts/1838039172387262
Fetch error: 403
Fetch failed from https://rsshub.app/juejin/posts/1838039172387262
append_entries: 0
error when rendering xml, skip docs/juejinzhuanlan
------------------------------------------------------
Started: 2026-06-08 02:16:18.642527
Existing_entries: 0
Fetching from https://rsshub.app/juejin/posts/1838039172387262
Fetch error: 403
Fetch failed from https://rsshub.app/juejin/posts/1838039172387262
append_entries: 0
error when rendering xml, skip docs/juejinzhuanlan
------------------------------------------------------
Started: 2026-06-08 08:43:43.916394
Existing_entries: 0
Fetching from https://rsshub.app/juejin/posts/1838039172387262
Fetch error: 403
Fetch failed from https://rsshub.app/juejin/posts/1838039172387262
append_entries: 0
error when rendering xml, skip docs/juejinzhuanlan
------------------------------------------------------
Started: 2026-06-08 13:58:14.376763
Existing_entries: 0
Fetching from https://rsshub.app/juejin/posts/1838039172387262
Fetch error: 403
Fetch failed from https://rsshub.app/juejin/posts/1838039172387262
append_entries: 0
error when rendering xml, skip docs/juejinzhuanlan
------------------------------------------------------
Started: 2026-06-08 17:19:07.805176
Existing_entries: 0
Fetching from https://rsshub.app/juejin/posts/1838039172387262
Fetch error: 403
Fetch failed from https://rsshub.app/juejin/posts/1838039172387262
append_entries: 0
error when rendering xml, skip docs/juejinzhuanlan
------------------------------------------------------
Started: 2026-06-08 19:58:22.322207
Existing_entries: 0
Fetching from https://rsshub.app/juejin/posts/1838039172387262
Fetch error: 403
Fetch failed from https://rsshub.app/juejin/posts/1838039172387262
append_entries: 0
error when rendering xml, skip docs/juejinzhuanlan
------------------------------------------------------
Started: 2026-06-08 21:47:26.752415
Existing_entries: 0
Fetching from https://rsshub.app/juejin/posts/1838039172387262
Fetch error: 403
Fetch failed from https://rsshub.app/juejin/posts/1838039172387262
append_entries: 0
error when rendering xml, skip docs/juejinzhuanlan
------------------------------------------------------
Started: 2026-06-08 23:06:04.170960
Existing_entries: 0
Fetching from https://rsshub.app/juejin/posts/1838039172387262
Fetch error: 403
Fetch failed from https://rsshub.app/juejin/posts/1838039172387262
append_entries: 0
error when rendering xml, skip docs/juejinzhuanlan
------------------------------------------------------
Started: 2026-06-09 01:53:37.681701
Existing_entries: 0
Fetching from https://rsshub.app/juejin/posts/1838039172387262
Fetch error: 403
Fetch failed from https://rsshub.app/juejin/posts/1838039172387262
append_entries: 0
error when rendering xml, skip docs/juejinzhuanlan
------------------------------------------------------
Started: 2026-06-09 05:59:09.293479
Existing_entries: 0
Fetching from https://rsshub.app/juejin/posts/1838039172387262
Fetch error: 403
Fetch failed from https://rsshub.app/juejin/posts/1838039172387262
append_entries: 0
error when rendering xml, skip docs/juejinzhuanlan
------------------------------------------------------
Started: 2026-06-09 09:37:00.465488
Existing_entries: 0
Fetching from https://rsshub.app/juejin/posts/1838039172387262
Fetch error: 403
Fetch failed from https://rsshub.app/juejin/posts/1838039172387262
append_entries: 0
error when rendering xml, skip docs/juejinzhuanlan
------------------------------------------------------
Started: 2026-06-09 12:30:14.360175
Existing_entries: 0
Fetching from https://rsshub.app/juejin/posts/1838039172387262
Fetch error: 403
Fetch failed from https://rsshub.app/juejin/posts/1838039172387262
append_entries: 0
error when rendering xml, skip docs/juejinzhuanlan
------------------------------------------------------
Started: 2026-06-09 16:24:53.234493
Existing_entries: 0
Fetching from https://rsshub.app/juejin/posts/1838039172387262
Fetch error: 403
Fetch failed from https://rsshub.app/juejin/posts/1838039172387262
append_entries: 0
error when rendering xml, skip docs/juejinzhuanlan
------------------------------------------------------
Started: 2026-06-09 19:53:26.459295
Existing_entries: 0
Fetching from https://rsshub.app/juejin/posts/1838039172387262
Fetch error: 403
Fetch failed from https://rsshub.app/juejin/posts/1838039172387262
append_entries: 0
error when rendering xml, skip docs/juejinzhuanlan
------------------------------------------------------
Started: 2026-06-09 21:27:40.275425
Existing_entries: 0
Fetching from https://rsshub.app/juejin/posts/1838039172387262
Fetch error: 403
Fetch failed from https://rsshub.app/juejin/posts/1838039172387262
append_entries: 0
error when rendering xml, skip docs/juejinzhuanlan
------------------------------------------------------
Started: 2026-06-09 23:07:51.902196
Existing_entries: 0
Fetching from https://rsshub.app/juejin/posts/1838039172387262
Fetch error: 403
Fetch failed from https://rsshub.app/juejin/posts/1838039172387262
append_entries: 0
error when rendering xml, skip docs/juejinzhuanlan
------------------------------------------------------
Started: 2026-06-10 02:05:06.014077
Existing_entries: 0
Fetching from https://rsshub.app/juejin/posts/1838039172387262
Fetch error: 403
Fetch failed from https://rsshub.app/juejin/posts/1838039172387262
append_entries: 0
error when rendering xml, skip docs/juejinzhuanlan
------------------------------------------------------
Started: 2026-06-10 07:59:29.682322
Existing_entries: 0
Fetching from https://rsshub.app/juejin/posts/1838039172387262
Fetch error: 403
Fetch failed from https://rsshub.app/juejin/posts/1838039172387262
append_entries: 0
error when rendering xml, skip docs/juejinzhuanlan
------------------------------------------------------
Started: 2026-06-10 11:37:18.096487
Existing_entries: 0
Fetching from https://rsshub.app/juejin/posts/1838039172387262
Fetch error: 403
Fetch failed from https://rsshub.app/juejin/posts/1838039172387262
append_entries: 0
error when rendering xml, skip docs/juejinzhuanlan
------------------------------------------------------
Started: 2026-06-10 14:47:42.156556
Existing_entries: 0
Fetching from https://rsshub.app/juejin/posts/1838039172387262
Fetch error: 403
Fetch failed from https://rsshub.app/juejin/posts/1838039172387262
append_entries: 0
error when rendering xml, skip docs/juejinzhuanlan
------------------------------------------------------
Started: 2026-06-10 18:23:19.396697
Existing_entries: 0
Fetching from https://rsshub.app/juejin/posts/1838039172387262
Fetch error: 403
Fetch failed from https://rsshub.app/juejin/posts/1838039172387262
append_entries: 0
error when rendering xml, skip docs/juejinzhuanlan
------------------------------------------------------
Started: 2026-06-10 21:49:16.222622
Existing_entries: 0
Fetching from https://rsshub.app/juejin/posts/1838039172387262
Fetch error: 403
Fetch failed from https://rsshub.app/juejin/posts/1838039172387262
append_entries: 0
error when rendering xml, skip docs/juejinzhuanlan
------------------------------------------------------
Started: 2026-06-10 23:17:41.871642
Existing_entries: 0
Fetching from https://rsshub.app/juejin/posts/1838039172387262
Fetch error: 403
Fetch failed from https://rsshub.app/juejin/posts/1838039172387262
append_entries: 0
error when rendering xml, skip docs/juejinzhuanlan
------------------------------------------------------
Started: 2026-06-11 02:16:24.420120
Existing_entries: 0
Fetching from https://rsshub.app/juejin/posts/1838039172387262
Fetch error: 403
Fetch failed from https://rsshub.app/juejin/posts/1838039172387262
append_entries: 0
error when rendering xml, skip docs/juejinzhuanlan
------------------------------------------------------
Started: 2026-06-11 08:27:26.012180
Existing_entries: 0
Fetching from https://rsshub.app/juejin/posts/1838039172387262
Fetch error: 403
Fetch failed from https://rsshub.app/juejin/posts/1838039172387262
append_entries: 0
error when rendering xml, skip docs/juejinzhuanlan
------------------------------------------------------
Started: 2026-06-11 13:49:01.633379
Existing_entries: 0
Fetching from https://rsshub.app/juejin/posts/1838039172387262
Fetch error: 403
Fetch failed from https://rsshub.app/juejin/posts/1838039172387262
append_entries: 0
error when rendering xml, skip docs/juejinzhuanlan
------------------------------------------------------
Started: 2026-06-11 17:31:43.717158
Existing_entries: 0
Fetching from https://rsshub.app/juejin/posts/1838039172387262
Fetch error: 403
Fetch failed from https://rsshub.app/juejin/posts/1838039172387262
append_entries: 0
error when rendering xml, skip docs/juejinzhuanlan
------------------------------------------------------
Started: 2026-06-11 20:06:45.858057
Existing_entries: 0
Fetching from https://rsshub.app/juejin/posts/1838039172387262
Fetch error: 403
Fetch failed from https://rsshub.app/juejin/posts/1838039172387262
append_entries: 0
error when rendering xml, skip docs/juejinzhuanlan
------------------------------------------------------
Started: 2026-06-11 23:12:55.606512
Existing_entries: 0
Fetching from https://rsshub.app/juejin/posts/1838039172387262
Fetch error: 403
Fetch failed from https://rsshub.app/juejin/posts/1838039172387262
append_entries: 0
error when rendering xml, skip docs/juejinzhuanlan
------------------------------------------------------
Started: 2026-06-12 02:12:06.293870
Existing_entries: 0
Fetching from https://rsshub.app/juejin/posts/1838039172387262
Fetch error: 403
Fetch failed from https://rsshub.app/juejin/posts/1838039172387262
append_entries: 0
error when rendering xml, skip docs/juejinzhuanlan
------------------------------------------------------
Started: 2026-06-12 08:15:13.524877
Existing_entries: 0
Fetching from https://rsshub.app/juejin/posts/1838039172387262
Fetch error: 403
Fetch failed from https://rsshub.app/juejin/posts/1838039172387262
append_entries: 0
error when rendering xml, skip docs/juejinzhuanlan
------------------------------------------------------
Started: 2026-06-12 12:48:27.495374
Existing_entries: 0
Fetching from https://rsshub.app/juejin/posts/1838039172387262
Fetch error: 403
Fetch failed from https://rsshub.app/juejin/posts/1838039172387262
append_entries: 0
error when rendering xml, skip docs/juejinzhuanlan
------------------------------------------------------
Started: 2026-06-12 16:37:23.376684
Existing_entries: 0
Fetching from https://rsshub.app/juejin/posts/1838039172387262
Fetch error: 403
Fetch failed from https://rsshub.app/juejin/posts/1838039172387262
append_entries: 0
error when rendering xml, skip docs/juejinzhuanlan
------------------------------------------------------
Started: 2026-06-12 19:49:06.243843
Existing_entries: 0
Fetching from https://rsshub.app/juejin/posts/1838039172387262
Fetch error: 403
Fetch failed from https://rsshub.app/juejin/posts/1838039172387262
append_entries: 0
error when rendering xml, skip docs/juejinzhuanlan
------------------------------------------------------
Started: 2026-06-12 21:22:28.589948
Existing_entries: 0
Fetching from https://rsshub.app/juejin/posts/1838039172387262
Fetch error: 403
Fetch failed from https://rsshub.app/juejin/posts/1838039172387262
append_entries: 0
error when rendering xml, skip docs/juejinzhuanlan
------------------------------------------------------
Started: 2026-06-12 23:05:39.714988
Existing_entries: 0
Fetching from https://rsshub.app/juejin/posts/1838039172387262
Fetch error: 403
Fetch failed from https://rsshub.app/juejin/posts/1838039172387262
append_entries: 0
error when rendering xml, skip docs/juejinzhuanlan
------------------------------------------------------
Started: 2026-06-13 02:04:38.880884
Existing_entries: 0
Fetching from https://rsshub.app/juejin/posts/1838039172387262
Fetch error: 403
Fetch failed from https://rsshub.app/juejin/posts/1838039172387262
append_entries: 0
error when rendering xml, skip docs/juejinzhuanlan
------------------------------------------------------
Started: 2026-06-13 07:39:03.556759
Existing_entries: 0
Fetching from https://rsshub.app/juejin/posts/1838039172387262
Fetch error: 403
Fetch failed from https://rsshub.app/juejin/posts/1838039172387262
append_entries: 0
error when rendering xml, skip docs/juejinzhuanlan
------------------------------------------------------
Started: 2026-06-13 10:20:12.829446
Existing_entries: 0
Fetching from https://rsshub.app/juejin/posts/1838039172387262
Fetch error: 403
Fetch failed from https://rsshub.app/juejin/posts/1838039172387262
append_entries: 0
error when rendering xml, skip docs/juejinzhuanlan
------------------------------------------------------
Started: 2026-06-13 13:20:18.847428
Existing_entries: 0
Fetching from https://rsshub.app/juejin/posts/1838039172387262
Fetch error: 403
Fetch failed from https://rsshub.app/juejin/posts/1838039172387262
append_entries: 0
error when rendering xml, skip docs/juejinzhuanlan
------------------------------------------------------
Started: 2026-06-13 15:24:18.048563
Existing_entries: 0
Fetching from https://rsshub.app/juejin/posts/1838039172387262
Fetch error: 403
Fetch failed from https://rsshub.app/juejin/posts/1838039172387262
append_entries: 0
error when rendering xml, skip docs/juejinzhuanlan
------------------------------------------------------
Started: 2026-06-13 17:07:21.636216
Existing_entries: 0
Fetching from https://rsshub.app/juejin/posts/1838039172387262
Fetch error: 403
Fetch failed from https://rsshub.app/juejin/posts/1838039172387262
append_entries: 0
error when rendering xml, skip docs/juejinzhuanlan
------------------------------------------------------
Started: 2026-06-13 19:04:15.899567
Existing_entries: 0
Fetching from https://rsshub.app/juejin/posts/1838039172387262
Fetch error: 403
Fetch failed from https://rsshub.app/juejin/posts/1838039172387262
append_entries: 0
error when rendering xml, skip docs/juejinzhuanlan
------------------------------------------------------
Started: 2026-06-13 20:59:43.913073
Existing_entries: 0
Fetching from https://rsshub.app/juejin/posts/1838039172387262
Fetch error: 403
Fetch failed from https://rsshub.app/juejin/posts/1838039172387262
append_entries: 0
error when rendering xml, skip docs/juejinzhuanlan
------------------------------------------------------
Started: 2026-06-13 22:52:21.062621
Existing_entries: 0
Fetching from https://rsshub.app/juejin/posts/1838039172387262
Fetch error: 403
Fetch failed from https://rsshub.app/juejin/posts/1838039172387262
append_entries: 0
error when rendering xml, skip docs/juejinzhuanlan
------------------------------------------------------
Started: 2026-06-14 02:15:34.225371
Existing_entries: 0
Fetching from https://rsshub.app/juejin/posts/1838039172387262
Fetch error: 403
Fetch failed from https://rsshub.app/juejin/posts/1838039172387262
append_entries: 0
error when rendering xml, skip docs/juejinzhuanlan
------------------------------------------------------
Started: 2026-06-14 08:07:09.392930
Existing_entries: 0
Fetching from https://rsshub.app/juejin/posts/1838039172387262
Fetch error: 403
Fetch failed from https://rsshub.app/juejin/posts/1838039172387262
append_entries: 0
error when rendering xml, skip docs/juejinzhuanlan
------------------------------------------------------
Started: 2026-06-14 11:48:48.855777
Existing_entries: 0
Fetching from https://rsshub.app/juejin/posts/1838039172387262
Fetch error: 403
Fetch failed from https://rsshub.app/juejin/posts/1838039172387262
append_entries: 0
error when rendering xml, skip docs/juejinzhuanlan
------------------------------------------------------
Started: 2026-06-14 13:23:40.617731
Existing_entries: 0
Fetching from https://rsshub.app/juejin/posts/1838039172387262
Fetch error: 403
Fetch failed from https://rsshub.app/juejin/posts/1838039172387262
append_entries: 0
error when rendering xml, skip docs/juejinzhuanlan
------------------------------------------------------
Started: 2026-06-14 15:41:43.092206
Existing_entries: 0
Fetching from https://rsshub.app/juejin/posts/1838039172387262
Fetch error: 403
Fetch failed from https://rsshub.app/juejin/posts/1838039172387262
append_entries: 0
error when rendering xml, skip docs/juejinzhuanlan
------------------------------------------------------
Started: 2026-06-14 17:06:14.424270
Existing_entries: 0
Fetching from https://rsshub.app/juejin/posts/1838039172387262
Fetch error: 403
Fetch failed from https://rsshub.app/juejin/posts/1838039172387262
append_entries: 0
error when rendering xml, skip docs/juejinzhuanlan
------------------------------------------------------
Started: 2026-06-14 19:04:52.293480
Existing_entries: 0
Fetching from https://rsshub.app/juejin/posts/1838039172387262
Fetch error: 403
Fetch failed from https://rsshub.app/juejin/posts/1838039172387262
append_entries: 0
error when rendering xml, skip docs/juejinzhuanlan
------------------------------------------------------
Started: 2026-06-14 20:57:06.904138
Existing_entries: 0
Fetching from https://rsshub.app/juejin/posts/1838039172387262
Fetch error: 403
Fetch failed from https://rsshub.app/juejin/posts/1838039172387262
append_entries: 0
error when rendering xml, skip docs/juejinzhuanlan
------------------------------------------------------
Started: 2026-06-14 22:57:50.230842
Existing_entries: 0
Fetching from https://rsshub.app/juejin/posts/1838039172387262
Fetch error: 403
Fetch failed from https://rsshub.app/juejin/posts/1838039172387262
append_entries: 0
error when rendering xml, skip docs/juejinzhuanlan
------------------------------------------------------
Started: 2026-06-15 02:30:49.771380
Existing_entries: 0
Fetching from https://rsshub.app/juejin/posts/1838039172387262
Fetch error: 403
Fetch failed from https://rsshub.app/juejin/posts/1838039172387262
append_entries: 0
error when rendering xml, skip docs/juejinzhuanlan
------------------------------------------------------
Started: 2026-06-15 09:51:10.223976
Existing_entries: 0
Fetching from https://rsshub.app/juejin/posts/1838039172387262
Fetch error: 403
Fetch failed from https://rsshub.app/juejin/posts/1838039172387262
append_entries: 0
error when rendering xml, skip docs/juejinzhuanlan
------------------------------------------------------
Started: 2026-06-15 15:38:26.012160
Existing_entries: 0
Fetching from https://rsshub.app/juejin/posts/1838039172387262
Fetch error: 403
Fetch failed from https://rsshub.app/juejin/posts/1838039172387262
append_entries: 0
error when rendering xml, skip docs/juejinzhuanlan
------------------------------------------------------
Started: 2026-06-15 19:36:52.212688
Existing_entries: 0
Fetching from https://rsshub.app/juejin/posts/1838039172387262
Fetch error: 403
Fetch failed from https://rsshub.app/juejin/posts/1838039172387262
append_entries: 0
error when rendering xml, skip docs/juejinzhuanlan
------------------------------------------------------
Started: 2026-06-15 22:08:40.863949
Existing_entries: 0
Fetching from https://rsshub.app/juejin/posts/1838039172387262
Fetch error: 403
Fetch failed from https://rsshub.app/juejin/posts/1838039172387262
append_entries: 0
error when rendering xml, skip docs/juejinzhuanlan
------------------------------------------------------
Started: 2026-06-16 02:33:42.467079
Existing_entries: 0
Fetching from https://rsshub.app/juejin/posts/1838039172387262
Fetch error: 403
Fetch failed from https://rsshub.app/juejin/posts/1838039172387262
append_entries: 0
error when rendering xml, skip docs/juejinzhuanlan
------------------------------------------------------
Started: 2026-06-16 09:14:46.899277
Existing_entries: 0
Fetching from https://rsshub.app/juejin/posts/1838039172387262
Fetch error: 403
Fetch failed from https://rsshub.app/juejin/posts/1838039172387262
append_entries: 0
error when rendering xml, skip docs/juejinzhuanlan
------------------------------------------------------
Started: 2026-06-16 14:52:02.104589
Existing_entries: 0
Fetching from https://rsshub.app/juejin/posts/1838039172387262
Fetch error: 403
Fetch failed from https://rsshub.app/juejin/posts/1838039172387262
append_entries: 0
error when rendering xml, skip docs/juejinzhuanlan
------------------------------------------------------
Started: 2026-06-16 19:26:38.187230
Existing_entries: 0
Fetching from https://rsshub.app/juejin/posts/1838039172387262
Fetch error: 403
Fetch failed from https://rsshub.app/juejin/posts/1838039172387262
append_entries: 0
error when rendering xml, skip docs/juejinzhuanlan
------------------------------------------------------
Started: 2026-06-16 22:04:42.876370
Existing_entries: 0
Fetching from https://rsshub.app/juejin/posts/1838039172387262
Fetch error: 403
Fetch failed from https://rsshub.app/juejin/posts/1838039172387262
append_entries: 0
error when rendering xml, skip docs/juejinzhuanlan
------------------------------------------------------
Started: 2026-06-17 02:31:02.885250
Existing_entries: 0
Fetching from https://rsshub.app/juejin/posts/1838039172387262
Fetch error: 403
Fetch failed from https://rsshub.app/juejin/posts/1838039172387262
append_entries: 0
error when rendering xml, skip docs/juejinzhuanlan
------------------------------------------------------
Started: 2026-06-17 08:52:58.040441
Existing_entries: 0
Fetching from https://rsshub.app/juejin/posts/1838039172387262
Fetch error: 403
Fetch failed from https://rsshub.app/juejin/posts/1838039172387262
append_entries: 0
error when rendering xml, skip docs/juejinzhuanlan
------------------------------------------------------
Started: 2026-06-17 13:36:05.894555
Existing_entries: 0
Fetching from https://rsshub.app/juejin/posts/1838039172387262
Fetch error: 403
Fetch failed from https://rsshub.app/juejin/posts/1838039172387262
append_entries: 0
error when rendering xml, skip docs/juejinzhuanlan
------------------------------------------------------
Started: 2026-06-17 16:50:28.337665
Existing_entries: 0
Fetching from https://rsshub.app/juejin/posts/1838039172387262
Fetch error: 403
Fetch failed from https://rsshub.app/juejin/posts/1838039172387262
append_entries: 0
error when rendering xml, skip docs/juejinzhuanlan
------------------------------------------------------
Started: 2026-06-17 19:55:20.013788
Existing_entries: 0
Fetching from https://rsshub.app/juejin/posts/1838039172387262
Fetch error: 403
Fetch failed from https://rsshub.app/juejin/posts/1838039172387262
append_entries: 0
error when rendering xml, skip docs/juejinzhuanlan
------------------------------------------------------
Started: 2026-06-17 21:50:45.629688
Existing_entries: 0
Fetching from https://rsshub.app/juejin/posts/1838039172387262
Fetch error: 403
Fetch failed from https://rsshub.app/juejin/posts/1838039172387262
append_entries: 0
error when rendering xml, skip docs/juejinzhuanlan
------------------------------------------------------
Started: 2026-06-17 23:14:25.208312
Existing_entries: 0
Fetching from https://rsshub.app/juejin/posts/1838039172387262
Fetch error: 403
Fetch failed from https://rsshub.app/juejin/posts/1838039172387262
append_entries: 0
error when rendering xml, skip docs/juejinzhuanlan
------------------------------------------------------
Started: 2026-06-18 02:16:39.984101
Existing_entries: 0
Fetching from https://rsshub.app/juejin/posts/1838039172387262
Fetch error: 403
Fetch failed from https://rsshub.app/juejin/posts/1838039172387262
append_entries: 0
error when rendering xml, skip docs/juejinzhuanlan
------------------------------------------------------
Started: 2026-06-18 08:29:38.712930
Existing_entries: 0
Fetching from https://rsshub.app/juejin/posts/1838039172387262
Fetch error: 403
Fetch failed from https://rsshub.app/juejin/posts/1838039172387262
append_entries: 0
error when rendering xml, skip docs/juejinzhuanlan
------------------------------------------------------
Started: 2026-06-18 12:45:09.267547
Existing_entries: 0
Fetching from https://rsshub.app/juejin/posts/1838039172387262
Fetch error: 403
Fetch failed from https://rsshub.app/juejin/posts/1838039172387262
append_entries: 0
error when rendering xml, skip docs/juejinzhuanlan
------------------------------------------------------
Started: 2026-06-18 16:50:08.763467
Existing_entries: 0
Fetching from https://rsshub.app/juejin/posts/1838039172387262
Fetch error: 403
Fetch failed from https://rsshub.app/juejin/posts/1838039172387262
append_entries: 0
error when rendering xml, skip docs/juejinzhuanlan
------------------------------------------------------
Started: 2026-06-18 20:05:54.035952
Existing_entries: 0
Fetching from https://rsshub.app/juejin/posts/1838039172387262
Fetch error: 403
Fetch failed from https://rsshub.app/juejin/posts/1838039172387262
append_entries: 0
error when rendering xml, skip docs/juejinzhuanlan
------------------------------------------------------
Started: 2026-06-18 23:27:23.835491
Existing_entries: 0
Fetching from https://rsshub.app/juejin/posts/1838039172387262
Fetch error: 403
Fetch failed from https://rsshub.app/juejin/posts/1838039172387262
append_entries: 0
error when rendering xml, skip docs/juejinzhuanlan
------------------------------------------------------
Started: 2026-06-19 02:45:28.650140
Existing_entries: 0
Fetching from https://rsshub.app/juejin/posts/1838039172387262
Fetch error: 403
Fetch failed from https://rsshub.app/juejin/posts/1838039172387262
append_entries: 0
error when rendering xml, skip docs/juejinzhuanlan
------------------------------------------------------
Started: 2026-06-19 08:57:13.532708
Existing_entries: 0
Fetching from https://rsshub.app/juejin/posts/1838039172387262
Fetch error: 403
Fetch failed from https://rsshub.app/juejin/posts/1838039172387262
append_entries: 0
error when rendering xml, skip docs/juejinzhuanlan
------------------------------------------------------
Started: 2026-06-19 13:26:33.975601
Existing_entries: 0
Fetching from https://rsshub.app/juejin/posts/1838039172387262
Fetch error: 403
Fetch failed from https://rsshub.app/juejin/posts/1838039172387262
append_entries: 0
error when rendering xml, skip docs/juejinzhuanlan
------------------------------------------------------
Started: 2026-06-19 16:26:54.839825
Existing_entries: 0
Fetching from https://rsshub.app/juejin/posts/1838039172387262
Fetch error: 403
Fetch failed from https://rsshub.app/juejin/posts/1838039172387262
append_entries: 0
error when rendering xml, skip docs/juejinzhuanlan
------------------------------------------------------
Started: 2026-06-19 19:22:02.461825
Existing_entries: 0
Fetching from https://rsshub.app/juejin/posts/1838039172387262
Fetch error: 403
Fetch failed from https://rsshub.app/juejin/posts/1838039172387262
append_entries: 0
error when rendering xml, skip docs/juejinzhuanlan
------------------------------------------------------
Started: 2026-06-19 20:58:55.688710
Existing_entries: 0
Fetching from https://rsshub.app/juejin/posts/1838039172387262
Fetch error: 403
Fetch failed from https://rsshub.app/juejin/posts/1838039172387262
append_entries: 0
error when rendering xml, skip docs/juejinzhuanlan
------------------------------------------------------
Started: 2026-06-19 22:42:10.861212
Existing_entries: 0
Fetching from https://rsshub.app/juejin/posts/1838039172387262
Fetch error: 403
Fetch failed from https://rsshub.app/juejin/posts/1838039172387262
append_entries: 0
error when rendering xml, skip docs/juejinzhuanlan
------------------------------------------------------
Started: 2026-06-20 02:05:22.199620
Existing_entries: 0
Fetching from https://rsshub.app/juejin/posts/1838039172387262
Fetch error: 403
Fetch failed from https://rsshub.app/juejin/posts/1838039172387262
append_entries: 0
error when rendering xml, skip docs/juejinzhuanlan
------------------------------------------------------
Started: 2026-06-20 07:40:59.971918
Existing_entries: 0
Fetching from https://rsshub.app/juejin/posts/1838039172387262
Fetch error: 403
Fetch failed from https://rsshub.app/juejin/posts/1838039172387262
append_entries: 0
error when rendering xml, skip docs/juejinzhuanlan
------------------------------------------------------
Started: 2026-06-20 10:24:40.458251
Existing_entries: 0
Fetching from https://rsshub.app/juejin/posts/1838039172387262
Fetch error: 403
Fetch failed from https://rsshub.app/juejin/posts/1838039172387262
append_entries: 0
error when rendering xml, skip docs/juejinzhuanlan
------------------------------------------------------
Started: 2026-06-20 13:21:50.655087
Existing_entries: 0
Fetching from https://rsshub.app/juejin/posts/1838039172387262
Fetch error: 403
Fetch failed from https://rsshub.app/juejin/posts/1838039172387262
append_entries: 0
error when rendering xml, skip docs/juejinzhuanlan
------------------------------------------------------
Started: 2026-06-20 15:27:41.177095
Existing_entries: 0
Fetching from https://rsshub.app/juejin/posts/1838039172387262
Fetch error: 403
Fetch failed from https://rsshub.app/juejin/posts/1838039172387262
append_entries: 0
error when rendering xml, skip docs/juejinzhuanlan
------------------------------------------------------
Started: 2026-06-20 17:13:14.705267
Existing_entries: 0
Fetching from https://rsshub.app/juejin/posts/1838039172387262
Fetch error: 403
Fetch failed from https://rsshub.app/juejin/posts/1838039172387262
append_entries: 0
error when rendering xml, skip docs/juejinzhuanlan
------------------------------------------------------
Started: 2026-06-20 19:05:57.062718
Existing_entries: 0
Fetching from https://rsshub.app/juejin/posts/1838039172387262
Fetch error: 403
Fetch failed from https://rsshub.app/juejin/posts/1838039172387262
append_entries: 0
error when rendering xml, skip docs/juejinzhuanlan
------------------------------------------------------
Started: 2026-06-20 21:01:14.058482
Existing_entries: 0
Fetching from https://rsshub.app/juejin/posts/1838039172387262
Fetch error: 403
Fetch failed from https://rsshub.app/juejin/posts/1838039172387262
append_entries: 0
error when rendering xml, skip docs/juejinzhuanlan
------------------------------------------------------
Started: 2026-06-20 22:56:09.914512
Existing_entries: 0
Fetching from https://rsshub.app/juejin/posts/1838039172387262
Fetch error: 403
Fetch failed from https://rsshub.app/juejin/posts/1838039172387262
append_entries: 0
error when rendering xml, skip docs/juejinzhuanlan
------------------------------------------------------
Started: 2026-06-21 02:28:36.320525
Existing_entries: 0
Fetching from https://rsshub.app/juejin/posts/1838039172387262
Fetch error: 403
Fetch failed from https://rsshub.app/juejin/posts/1838039172387262
append_entries: 0
error when rendering xml, skip docs/juejinzhuanlan
------------------------------------------------------
Started: 2026-06-21 08:20:32.222197
Existing_entries: 0
Fetching from https://rsshub.app/juejin/posts/1838039172387262
Fetch error: 403
Fetch failed from https://rsshub.app/juejin/posts/1838039172387262
append_entries: 0
error when rendering xml, skip docs/juejinzhuanlan
------------------------------------------------------
Started: 2026-06-21 12:04:30.130207
Existing_entries: 0
Fetching from https://rsshub.app/juejin/posts/1838039172387262
Fetch error: 403
Fetch failed from https://rsshub.app/juejin/posts/1838039172387262
append_entries: 0
error when rendering xml, skip docs/juejinzhuanlan
------------------------------------------------------
Started: 2026-06-21 15:43:33.067915
Existing_entries: 0
Fetching from https://rsshub.app/juejin/posts/1838039172387262
Fetch error: 403
Fetch failed from https://rsshub.app/juejin/posts/1838039172387262
append_entries: 0
error when rendering xml, skip docs/juejinzhuanlan
------------------------------------------------------
Started: 2026-06-21 17:15:45.704482
Existing_entries: 0
Fetching from https://rsshub.app/juejin/posts/1838039172387262
Fetch error: 403
Fetch failed from https://rsshub.app/juejin/posts/1838039172387262
append_entries: 0
error when rendering xml, skip docs/juejinzhuanlan
------------------------------------------------------
Started: 2026-06-21 19:10:28.528457
Existing_entries: 0
Fetching from https://rsshub.app/juejin/posts/1838039172387262
Fetch error: 403
Fetch failed from https://rsshub.app/juejin/posts/1838039172387262
append_entries: 0
error when rendering xml, skip docs/juejinzhuanlan
------------------------------------------------------
Started: 2026-06-21 21:01:52.432495
Existing_entries: 0
Fetching from https://rsshub.app/juejin/posts/1838039172387262
Fetch error: 403
Fetch failed from https://rsshub.app/juejin/posts/1838039172387262
append_entries: 0
error when rendering xml, skip docs/juejinzhuanlan
------------------------------------------------------
Started: 2026-06-21 22:57:52.006713
Existing_entries: 0
Fetching from https://rsshub.app/juejin/posts/1838039172387262
Fetch error: 403
Fetch failed from https://rsshub.app/juejin/posts/1838039172387262
append_entries: 0
error when rendering xml, skip docs/juejinzhuanlan
------------------------------------------------------
Started: 2026-06-22 02:32:41.144478
Existing_entries: 0
Fetching from https://rsshub.app/juejin/posts/1838039172387262
Fetch error: 403
Fetch failed from https://rsshub.app/juejin/posts/1838039172387262
append_entries: 0
error when rendering xml, skip docs/juejinzhuanlan
------------------------------------------------------
Started: 2026-06-22 09:37:08.924415
Existing_entries: 0
Fetching from https://rsshub.app/juejin/posts/1838039172387262
Fetch error: 403
Fetch failed from https://rsshub.app/juejin/posts/1838039172387262
append_entries: 0
error when rendering xml, skip docs/juejinzhuanlan
------------------------------------------------------
Started: 2026-06-22 15:12:08.117431
Existing_entries: 0
Fetching from https://rsshub.app/juejin/posts/1838039172387262
Fetch error: 403
Fetch failed from https://rsshub.app/juejin/posts/1838039172387262
append_entries: 0
error when rendering xml, skip docs/juejinzhuanlan
------------------------------------------------------
Started: 2026-06-22 19:17:40.484591
Existing_entries: 0
Fetching from https://rsshub.app/juejin/posts/1838039172387262
Fetch error: 403
Fetch failed from https://rsshub.app/juejin/posts/1838039172387262
append_entries: 0
error when rendering xml, skip docs/juejinzhuanlan
------------------------------------------------------
Started: 2026-06-22 21:53:52.513732
Existing_entries: 0
Fetching from https://rsshub.app/juejin/posts/1838039172387262
Fetch error: 403
Fetch failed from https://rsshub.app/juejin/posts/1838039172387262
append_entries: 0
error when rendering xml, skip docs/juejinzhuanlan
------------------------------------------------------
Started: 2026-06-22 23:10:15.745100
Existing_entries: 0
Fetching from https://rsshub.app/juejin/posts/1838039172387262
Fetch error: 403
Fetch failed from https://rsshub.app/juejin/posts/1838039172387262
append_entries: 0
error when rendering xml, skip docs/juejinzhuanlan
------------------------------------------------------
Started: 2026-06-23 01:59:05.467415
Existing_entries: 0
Fetching from https://rsshub.app/juejin/posts/1838039172387262
Fetch error: 403
Fetch failed from https://rsshub.app/juejin/posts/1838039172387262
append_entries: 0
error when rendering xml, skip docs/juejinzhuanlan
------------------------------------------------------
Started: 2026-06-23 06:04:26.068432
Existing_entries: 0
Fetching from https://rsshub.app/juejin/posts/1838039172387262
Fetch error: 403
Fetch failed from https://rsshub.app/juejin/posts/1838039172387262
append_entries: 0
error when rendering xml, skip docs/juejinzhuanlan
------------------------------------------------------
Started: 2026-06-23 10:53:12.046200
Existing_entries: 0
Fetching from https://rsshub.app/juejin/posts/1838039172387262
Fetch error: 403
Fetch failed from https://rsshub.app/juejin/posts/1838039172387262
append_entries: 0
error when rendering xml, skip docs/juejinzhuanlan
------------------------------------------------------
Started: 2026-06-23 14:17:17.714207
Existing_entries: 0
Fetching from https://rsshub.app/juejin/posts/1838039172387262
Fetch error: 403
Fetch failed from https://rsshub.app/juejin/posts/1838039172387262
append_entries: 0
error when rendering xml, skip docs/juejinzhuanlan
------------------------------------------------------
Started: 2026-06-23 17:46:57.510909
Existing_entries: 0
Fetching from https://rsshub.app/juejin/posts/1838039172387262
Fetch error: 403
Fetch failed from https://rsshub.app/juejin/posts/1838039172387262
append_entries: 0
error when rendering xml, skip docs/juejinzhuanlan
------------------------------------------------------
Started: 2026-06-23 19:47:01.707498
Existing_entries: 0
Fetching from https://rsshub.app/juejin/posts/1838039172387262
Fetch error: 403
Fetch failed from https://rsshub.app/juejin/posts/1838039172387262
append_entries: 0
error when rendering xml, skip docs/juejinzhuanlan
------------------------------------------------------
Started: 2026-06-23 21:21:23.705446
Existing_entries: 0
Fetching from https://rsshub.app/juejin/posts/1838039172387262
Fetch error: 403
Fetch failed from https://rsshub.app/juejin/posts/1838039172387262
append_entries: 0
error when rendering xml, skip docs/juejinzhuanlan
------------------------------------------------------
Started: 2026-06-23 22:57:13.802689
Existing_entries: 0
Fetching from https://rsshub.app/juejin/posts/1838039172387262
Fetch error: 403
Fetch failed from https://rsshub.app/juejin/posts/1838039172387262
append_entries: 0
error when rendering xml, skip docs/juejinzhuanlan
------------------------------------------------------
Started: 2026-06-24 01:58:49.527633
Existing_entries: 0
Fetching from https://rsshub.app/juejin/posts/1838039172387262
Fetch error: 403
Fetch failed from https://rsshub.app/juejin/posts/1838039172387262
append_entries: 0
error when rendering xml, skip docs/juejinzhuanlan
------------------------------------------------------
Started: 2026-06-24 06:04:28.971641
Existing_entries: 0
Fetching from https://rsshub.app/juejin/posts/1838039172387262
Fetch error: 403
Fetch failed from https://rsshub.app/juejin/posts/1838039172387262
append_entries: 0
error when rendering xml, skip docs/juejinzhuanlan
------------------------------------------------------
Started: 2026-06-24 10:40:15.221232
Existing_entries: 0
Fetching from https://rsshub.app/juejin/posts/1838039172387262
Fetch error: 403
Fetch failed from https://rsshub.app/juejin/posts/1838039172387262
append_entries: 0
error when rendering xml, skip docs/juejinzhuanlan
------------------------------------------------------
Started: 2026-06-24 14:01:43.632279
Existing_entries: 0
Fetching from https://rsshub.app/juejin/posts/1838039172387262
Fetch error: 403
Fetch failed from https://rsshub.app/juejin/posts/1838039172387262
append_entries: 0
error when rendering xml, skip docs/juejinzhuanlan
------------------------------------------------------
Started: 2026-06-24 17:46:18.529242
Existing_entries: 0
Fetching from https://rsshub.app/juejin/posts/1838039172387262
Fetch error: 403
Fetch failed from https://rsshub.app/juejin/posts/1838039172387262
append_entries: 0
error when rendering xml, skip docs/juejinzhuanlan
------------------------------------------------------
Started: 2026-06-24 19:23:54.183216
Existing_entries: 0
Fetching from https://rsshub.app/juejin/posts/1838039172387262
Fetch error: 403
Fetch failed from https://rsshub.app/juejin/posts/1838039172387262
append_entries: 0
error when rendering xml, skip docs/juejinzhuanlan
------------------------------------------------------
Started: 2026-06-24 21:15:25.230452
Existing_entries: 0
Fetching from https://rsshub.app/juejin/posts/1838039172387262
Fetch error: 403
Fetch failed from https://rsshub.app/juejin/posts/1838039172387262
append_entries: 0
error when rendering xml, skip docs/juejinzhuanlan
------------------------------------------------------
Started: 2026-06-24 22:57:56.290942
Existing_entries: 0
Fetching from https://rsshub.app/juejin/posts/1838039172387262
Fetch error: 403
Fetch failed from https://rsshub.app/juejin/posts/1838039172387262
append_entries: 0
error when rendering xml, skip docs/juejinzhuanlan
------------------------------------------------------
Started: 2026-06-25 02:01:56.148385
Existing_entries: 0
Fetching from https://rsshub.app/juejin/posts/1838039172387262
Fetch error: 403
Fetch failed from https://rsshub.app/juejin/posts/1838039172387262
append_entries: 0
error when rendering xml, skip docs/juejinzhuanlan
------------------------------------------------------
Started: 2026-06-25 07:32:32.784331
Existing_entries: 0
Fetching from https://rsshub.app/juejin/posts/1838039172387262
Fetch error: 403
Fetch failed from https://rsshub.app/juejin/posts/1838039172387262
append_entries: 0
error when rendering xml, skip docs/juejinzhuanlan
------------------------------------------------------
Started: 2026-06-25 10:32:46.895794
Existing_entries: 0
Fetching from https://rsshub.app/juejin/posts/1838039172387262
Fetch error: 403
Fetch failed from https://rsshub.app/juejin/posts/1838039172387262
append_entries: 0
error when rendering xml, skip docs/juejinzhuanlan
------------------------------------------------------
Started: 2026-06-25 13:58:44.733379
Existing_entries: 0
Fetching from https://rsshub.app/juejin/posts/1838039172387262
Fetch error: 403
Fetch failed from https://rsshub.app/juejin/posts/1838039172387262
append_entries: 0
error when rendering xml, skip docs/juejinzhuanlan
------------------------------------------------------
Started: 2026-06-25 16:19:27.606710
Existing_entries: 0
Fetching from https://rsshub.app/juejin/posts/1838039172387262
Fetch error: 403
Fetch failed from https://rsshub.app/juejin/posts/1838039172387262
append_entries: 0
error when rendering xml, skip docs/juejinzhuanlan
------------------------------------------------------
Started: 2026-06-25 19:42:54.382226
Existing_entries: 0
Fetching from https://rsshub.app/juejin/posts/1838039172387262
Fetch error: 403
Fetch failed from https://rsshub.app/juejin/posts/1838039172387262
append_entries: 0
error when rendering xml, skip docs/juejinzhuanlan
------------------------------------------------------
Started: 2026-06-25 21:19:54.169904
Existing_entries: 0
Fetching from https://rsshub.app/juejin/posts/1838039172387262
Fetch error: 403
Fetch failed from https://rsshub.app/juejin/posts/1838039172387262
append_entries: 0
error when rendering xml, skip docs/juejinzhuanlan
------------------------------------------------------
Started: 2026-06-25 23:05:43.788981
Existing_entries: 0
Fetching from https://rsshub.app/juejin/posts/1838039172387262
Fetch error: 403
Fetch failed from https://rsshub.app/juejin/posts/1838039172387262
append_entries: 0
error when rendering xml, skip docs/juejinzhuanlan
------------------------------------------------------
Started: 2026-06-26 02:03:30.705538
Existing_entries: 0
Fetching from https://rsshub.app/juejin/posts/1838039172387262
Fetch error: 403
Fetch failed from https://rsshub.app/juejin/posts/1838039172387262
append_entries: 0
error when rendering xml, skip docs/juejinzhuanlan
------------------------------------------------------
Started: 2026-06-26 07:41:25.444133
Existing_entries: 0
Fetching from https://rsshub.app/juejin/posts/1838039172387262
Fetch error: 403
Fetch failed from https://rsshub.app/juejin/posts/1838039172387262
append_entries: 0
error when rendering xml, skip docs/juejinzhuanlan
------------------------------------------------------
Started: 2026-06-26 10:42:44.120424
Existing_entries: 0
Fetching from https://rsshub.app/juejin/posts/1838039172387262
Fetch error: 403
Fetch failed from https://rsshub.app/juejin/posts/1838039172387262
append_entries: 0
error when rendering xml, skip docs/juejinzhuanlan
------------------------------------------------------
Started: 2026-06-26 13:56:44.006926
Existing_entries: 0
Fetching from https://rsshub.app/juejin/posts/1838039172387262
Fetch error: 403
Fetch failed from https://rsshub.app/juejin/posts/1838039172387262
append_entries: 0
error when rendering xml, skip docs/juejinzhuanlan
------------------------------------------------------
Started: 2026-06-26 16:06:16.754816
Existing_entries: 0
Fetching from https://rsshub.app/juejin/posts/1838039172387262
Fetch error: 403
Fetch failed from https://rsshub.app/juejin/posts/1838039172387262
append_entries: 0
error when rendering xml, skip docs/juejinzhuanlan
------------------------------------------------------
Started: 2026-06-26 19:25:59.558979
Existing_entries: 0
Fetching from https://rsshub.app/juejin/posts/1838039172387262
Fetch error: 403
Fetch failed from https://rsshub.app/juejin/posts/1838039172387262
append_entries: 0
error when rendering xml, skip docs/juejinzhuanlan
------------------------------------------------------
Started: 2026-06-26 21:11:48.317483
Existing_entries: 0
Fetching from https://rsshub.app/juejin/posts/1838039172387262
Fetch error: 403
Fetch failed from https://rsshub.app/juejin/posts/1838039172387262
append_entries: 0
error when rendering xml, skip docs/juejinzhuanlan
------------------------------------------------------
Started: 2026-06-26 22:57:31.335410
Existing_entries: 0
Fetching from https://rsshub.app/juejin/posts/1838039172387262
Fetch error: 403
Fetch failed from https://rsshub.app/juejin/posts/1838039172387262
append_entries: 0
error when rendering xml, skip docs/juejinzhuanlan
------------------------------------------------------
Started: 2026-06-27 01:57:22.043341
Existing_entries: 0
Fetching from https://rsshub.app/juejin/posts/1838039172387262
Fetch error: 403
Fetch failed from https://rsshub.app/juejin/posts/1838039172387262
append_entries: 0
error when rendering xml, skip docs/juejinzhuanlan
------------------------------------------------------
Started: 2026-06-27 05:47:30.408020
Existing_entries: 0
Fetching from https://rsshub.app/juejin/posts/1838039172387262
Fetch error: 403
Fetch failed from https://rsshub.app/juejin/posts/1838039172387262
append_entries: 0
error when rendering xml, skip docs/juejinzhuanlan
------------------------------------------------------
Started: 2026-06-27 08:24:09.033565
Existing_entries: 0
Fetching from https://rsshub.app/juejin/posts/1838039172387262
Fetch error: 403
Fetch failed from https://rsshub.app/juejin/posts/1838039172387262
append_entries: 0
error when rendering xml, skip docs/juejinzhuanlan
------------------------------------------------------
Started: 2026-06-27 11:18:48.961900
Existing_entries: 0
Fetching from https://rsshub.app/juejin/posts/1838039172387262
Fetch error: 403
Fetch failed from https://rsshub.app/juejin/posts/1838039172387262
append_entries: 0
error when rendering xml, skip docs/juejinzhuanlan
------------------------------------------------------
Started: 2026-06-27 13:03:47.956954
Existing_entries: 0
Fetching from https://rsshub.app/juejin/posts/1838039172387262
Fetch error: 403
Fetch failed from https://rsshub.app/juejin/posts/1838039172387262
append_entries: 0
error when rendering xml, skip docs/juejinzhuanlan
------------------------------------------------------
Started: 2026-06-27 15:06:57.910490
Existing_entries: 0
Fetching from https://rsshub.app/juejin/posts/1838039172387262
Fetch error: 403
Fetch failed from https://rsshub.app/juejin/posts/1838039172387262
append_entries: 0
error when rendering xml, skip docs/juejinzhuanlan
------------------------------------------------------
Started: 2026-06-27 16:53:19.021206
Existing_entries: 0
Fetching from https://rsshub.app/juejin/posts/1838039172387262
Fetch error: 403
Fetch failed from https://rsshub.app/juejin/posts/1838039172387262
append_entries: 0
error when rendering xml, skip docs/juejinzhuanlan
------------------------------------------------------
Started: 2026-06-27 19:00:05.691653
Existing_entries: 0
Fetching from https://rsshub.app/juejin/posts/1838039172387262
Fetch error: 403
Fetch failed from https://rsshub.app/juejin/posts/1838039172387262
append_entries: 0
error when rendering xml, skip docs/juejinzhuanlan
------------------------------------------------------
Started: 2026-06-27 20:46:49.592602
Existing_entries: 0
Fetching from https://rsshub.app/juejin/posts/1838039172387262
Fetch error: 403
Fetch failed from https://rsshub.app/juejin/posts/1838039172387262
append_entries: 0
error when rendering xml, skip docs/juejinzhuanlan
------------------------------------------------------
Started: 2026-06-27 22:51:35.592390
Existing_entries: 0
Fetching from https://rsshub.app/juejin/posts/1838039172387262
Fetch error: 403
Fetch failed from https://rsshub.app/juejin/posts/1838039172387262
append_entries: 0
error when rendering xml, skip docs/juejinzhuanlan
------------------------------------------------------
Started: 2026-06-28 02:08:13.991807
Existing_entries: 0
Fetching from https://rsshub.app/juejin/posts/1838039172387262
Fetch error: 403
Fetch failed from https://rsshub.app/juejin/posts/1838039172387262
append_entries: 0
error when rendering xml, skip docs/juejinzhuanlan
------------------------------------------------------
Started: 2026-06-28 07:42:33.759475
Existing_entries: 0
Fetching from https://rsshub.app/juejin/posts/1838039172387262
Fetch error: 403
Fetch failed from https://rsshub.app/juejin/posts/1838039172387262
append_entries: 0
error when rendering xml, skip docs/juejinzhuanlan
------------------------------------------------------
Started: 2026-06-28 10:19:35.482471
Existing_entries: 0
Fetching from https://rsshub.app/juejin/posts/1838039172387262
Fetch error: 403
Fetch failed from https://rsshub.app/juejin/posts/1838039172387262
append_entries: 0
error when rendering xml, skip docs/juejinzhuanlan
------------------------------------------------------
Started: 2026-06-28 13:09:32.177696
Existing_entries: 0
Fetching from https://rsshub.app/juejin/posts/1838039172387262
Fetch error: 403
Fetch failed from https://rsshub.app/juejin/posts/1838039172387262
append_entries: 0
error when rendering xml, skip docs/juejinzhuanlan
------------------------------------------------------
Started: 2026-06-28 15:09:34.794362
Existing_entries: 0
Fetching from https://rsshub.app/juejin/posts/1838039172387262
Fetch error: 403
Fetch failed from https://rsshub.app/juejin/posts/1838039172387262
append_entries: 0
error when rendering xml, skip docs/juejinzhuanlan
------------------------------------------------------
Started: 2026-06-28 16:55:34.939318
Existing_entries: 0
Fetching from https://rsshub.app/juejin/posts/1838039172387262
Fetch error: 403
Fetch failed from https://rsshub.app/juejin/posts/1838039172387262
append_entries: 0
error when rendering xml, skip docs/juejinzhuanlan
------------------------------------------------------
Started: 2026-06-28 18:58:53.020606
Existing_entries: 0
Fetching from https://rsshub.app/juejin/posts/1838039172387262
Fetch error: 403
Fetch failed from https://rsshub.app/juejin/posts/1838039172387262
append_entries: 0
error when rendering xml, skip docs/juejinzhuanlan
------------------------------------------------------
Started: 2026-06-28 20:49:23.110294
Existing_entries: 0
Fetching from https://rsshub.app/juejin/posts/1838039172387262
Fetch error: 403
Fetch failed from https://rsshub.app/juejin/posts/1838039172387262
append_entries: 0
error when rendering xml, skip docs/juejinzhuanlan
------------------------------------------------------
Started: 2026-06-28 22:51:32.737332
Existing_entries: 0
Fetching from https://rsshub.app/juejin/posts/1838039172387262
Fetch error: 403
Fetch failed from https://rsshub.app/juejin/posts/1838039172387262
append_entries: 0
error when rendering xml, skip docs/juejinzhuanlan
------------------------------------------------------
Started: 2026-06-29 02:08:42.041612
Existing_entries: 0
Fetching from https://rsshub.app/juejin/posts/1838039172387262
Fetch error: 403
Fetch failed from https://rsshub.app/juejin/posts/1838039172387262
append_entries: 0
error when rendering xml, skip docs/juejinzhuanlan
------------------------------------------------------
Started: 2026-06-29 08:47:31.653126
Existing_entries: 0
Fetching from https://rsshub.app/juejin/posts/1838039172387262
Fetch error: 403
Fetch failed from https://rsshub.app/juejin/posts/1838039172387262
append_entries: 0
error when rendering xml, skip docs/juejinzhuanlan
------------------------------------------------------
Started: 2026-06-29 13:57:37.839284
Existing_entries: 0
Fetching from https://rsshub.app/juejin/posts/1838039172387262
Fetch error: 403
Fetch failed from https://rsshub.app/juejin/posts/1838039172387262
append_entries: 0
error when rendering xml, skip docs/juejinzhuanlan
------------------------------------------------------
Started: 2026-06-29 16:50:28.475989
Existing_entries: 0
Fetching from https://rsshub.app/juejin/posts/1838039172387262
Fetch error: 403
Fetch failed from https://rsshub.app/juejin/posts/1838039172387262
append_entries: 0
error when rendering xml, skip docs/juejinzhuanlan
------------------------------------------------------
Started: 2026-06-29 19:29:59.466790
Existing_entries: 0
Fetching from https://rsshub.app/juejin/posts/1838039172387262
Fetch error: 403
Fetch failed from https://rsshub.app/juejin/posts/1838039172387262
append_entries: 0
error when rendering xml, skip docs/juejinzhuanlan
------------------------------------------------------
Started: 2026-06-29 21:15:25.249891
Existing_entries: 0
Fetching from https://rsshub.app/juejin/posts/1838039172387262
Fetch error: 403
Fetch failed from https://rsshub.app/juejin/posts/1838039172387262
append_entries: 0
error when rendering xml, skip docs/juejinzhuanlan
------------------------------------------------------
Started: 2026-06-29 22:44:31.623148
Existing_entries: 0
Fetching from https://rsshub.app/juejin/posts/1838039172387262
Fetch error: 403
Fetch failed from https://rsshub.app/juejin/posts/1838039172387262
append_entries: 0
error when rendering xml, skip docs/juejinzhuanlan
------------------------------------------------------
Started: 2026-06-30 02:03:23.242592
Existing_entries: 0
Fetching from https://rsshub.app/juejin/posts/1838039172387262
Fetch error: 403
Fetch failed from https://rsshub.app/juejin/posts/1838039172387262
append_entries: 0
error when rendering xml, skip docs/juejinzhuanlan
------------------------------------------------------
Started: 2026-06-30 07:41:09.542588
Existing_entries: 0
Fetching from https://rsshub.app/juejin/posts/1838039172387262
Fetch error: 403
Fetch failed from https://rsshub.app/juejin/posts/1838039172387262
append_entries: 0
error when rendering xml, skip docs/juejinzhuanlan
------------------------------------------------------
Started: 2026-06-30 10:47:31.569465
Existing_entries: 0
Fetching from https://rsshub.app/juejin/posts/1838039172387262
Fetch error: 403
Fetch failed from https://rsshub.app/juejin/posts/1838039172387262
append_entries: 0
error when rendering xml, skip docs/juejinzhuanlan
------------------------------------------------------
Started: 2026-06-30 13:51:09.352347
Existing_entries: 0
Fetching from https://rsshub.app/juejin/posts/1838039172387262
Fetch error: 403
Fetch failed from https://rsshub.app/juejin/posts/1838039172387262
append_entries: 0
error when rendering xml, skip docs/juejinzhuanlan
------------------------------------------------------
Started: 2026-06-30 16:13:52.178280
Existing_entries: 0
Fetching from https://rsshub.app/juejin/posts/1838039172387262
Fetch error: 403
Fetch failed from https://rsshub.app/juejin/posts/1838039172387262
append_entries: 0
error when rendering xml, skip docs/juejinzhuanlan
------------------------------------------------------
Started: 2026-06-30 19:28:17.097049
Existing_entries: 0
Fetching from https://rsshub.app/juejin/posts/1838039172387262
Fetch error: 403
Fetch failed from https://rsshub.app/juejin/posts/1838039172387262
append_entries: 0
error when rendering xml, skip docs/juejinzhuanlan
------------------------------------------------------
Started: 2026-06-30 21:21:34.241048
Existing_entries: 0
Fetching from https://rsshub.app/juejin/posts/1838039172387262
Fetch error: 403
Fetch failed from https://rsshub.app/juejin/posts/1838039172387262
append_entries: 0
error when rendering xml, skip docs/juejinzhuanlan
------------------------------------------------------
Started: 2026-06-30 23:01:38.478920
Existing_entries: 0
Fetching from https://rsshub.app/juejin/posts/1838039172387262
Fetch error: 403
Fetch failed from https://rsshub.app/juejin/posts/1838039172387262
append_entries: 0
error when rendering xml, skip docs/juejinzhuanlan
------------------------------------------------------
Started: 2026-07-01 02:08:48.530479
Existing_entries: 0
Fetching from https://rsshub.app/juejin/posts/1838039172387262
Fetch error: 403
Fetch failed from https://rsshub.app/juejin/posts/1838039172387262
append_entries: 0
error when rendering xml, skip docs/juejinzhuanlan
------------------------------------------------------
Started: 2026-07-01 08:01:23.038466
Existing_entries: 0
Fetching from https://rsshub.app/juejin/posts/1838039172387262
Fetch error: 403
Fetch failed from https://rsshub.app/juejin/posts/1838039172387262
append_entries: 0
error when rendering xml, skip docs/juejinzhuanlan
------------------------------------------------------
Started: 2026-07-01 11:26:20.823003
Existing_entries: 0
Fetching from https://rsshub.app/juejin/posts/1838039172387262
Fetch error: 403
Fetch failed from https://rsshub.app/juejin/posts/1838039172387262
append_entries: 0
error when rendering xml, skip docs/juejinzhuanlan
------------------------------------------------------
Started: 2026-07-01 14:02:05.522023
Existing_entries: 0
Fetching from https://rsshub.app/juejin/posts/1838039172387262
Fetch error: 403
Fetch failed from https://rsshub.app/juejin/posts/1838039172387262
append_entries: 0
error when rendering xml, skip docs/juejinzhuanlan
------------------------------------------------------
Started: 2026-07-01 17:45:39.698144
Existing_entries: 0
Fetching from https://rsshub.app/juejin/posts/1838039172387262
Fetch error: 403
Fetch failed from https://rsshub.app/juejin/posts/1838039172387262
append_entries: 0
error when rendering xml, skip docs/juejinzhuanlan
------------------------------------------------------
Started: 2026-07-01 19:26:44.178497
Existing_entries: 0
Fetching from https://rsshub.app/juejin/posts/1838039172387262
Fetch error: 403
Fetch failed from https://rsshub.app/juejin/posts/1838039172387262
append_entries: 0
error when rendering xml, skip docs/juejinzhuanlan
------------------------------------------------------
Started: 2026-07-01 21:14:50.398362
Existing_entries: 0
Fetching from https://rsshub.app/juejin/posts/1838039172387262
Fetch error: 403
Fetch failed from https://rsshub.app/juejin/posts/1838039172387262
append_entries: 0
error when rendering xml, skip docs/juejinzhuanlan
------------------------------------------------------
Started: 2026-07-01 22:59:27.324801
Existing_entries: 0
Fetching from https://rsshub.app/juejin/posts/1838039172387262
Fetch error: 403
Fetch failed from https://rsshub.app/juejin/posts/1838039172387262
append_entries: 0
error when rendering xml, skip docs/juejinzhuanlan
------------------------------------------------------
Started: 2026-07-02 02:01:07.339364
Existing_entries: 0
Fetching from https://rsshub.app/juejin/posts/1838039172387262
Fetch error: 403
Fetch failed from https://rsshub.app/juejin/posts/1838039172387262
append_entries: 0
error when rendering xml, skip docs/juejinzhuanlan
------------------------------------------------------
Started: 2026-07-02 06:01:45.041633
Existing_entries: 0
Fetching from https://rsshub.app/juejin/posts/1838039172387262
Fetch error: 403
Fetch failed from https://rsshub.app/juejin/posts/1838039172387262
append_entries: 0
error when rendering xml, skip docs/juejinzhuanlan
------------------------------------------------------
Started: 2026-07-02 10:26:19.057073
Existing_entries: 0
Fetching from https://rsshub.app/juejin/posts/1838039172387262
Fetch error: 403
Fetch failed from https://rsshub.app/juejin/posts/1838039172387262
append_entries: 0
error when rendering xml, skip docs/juejinzhuanlan
------------------------------------------------------
Started: 2026-07-02 13:26:02.935122
Existing_entries: 0
Fetching from https://rsshub.app/juejin/posts/1838039172387262
Fetch error: 403
Fetch failed from https://rsshub.app/juejin/posts/1838039172387262
append_entries: 0
error when rendering xml, skip docs/juejinzhuanlan
------------------------------------------------------
Started: 2026-07-02 15:58:24.607974
Existing_entries: 0
Fetching from https://rsshub.app/juejin/posts/1838039172387262
Fetch error: 403
Fetch failed from https://rsshub.app/juejin/posts/1838039172387262
append_entries: 0
error when rendering xml, skip docs/juejinzhuanlan
------------------------------------------------------
Started: 2026-07-02 17:41:19.430712
Existing_entries: 0
Fetching from https://rsshub.app/juejin/posts/1838039172387262
Fetch error: 403
Fetch failed from https://rsshub.app/juejin/posts/1838039172387262
append_entries: 0
error when rendering xml, skip docs/juejinzhuanlan
------------------------------------------------------
Started: 2026-07-02 19:05:11.712205
Existing_entries: 0
Fetching from https://rsshub.app/juejin/posts/1838039172387262
Fetch error: 403
Fetch failed from https://rsshub.app/juejin/posts/1838039172387262
append_entries: 0
error when rendering xml, skip docs/juejinzhuanlan
------------------------------------------------------
Started: 2026-07-02 20:49:53.944597
Existing_entries: 0
Fetching from https://rsshub.app/juejin/posts/1838039172387262
Fetch error: 403
Fetch failed from https://rsshub.app/juejin/posts/1838039172387262
append_entries: 0
error when rendering xml, skip docs/juejinzhuanlan
------------------------------------------------------
Started: 2026-07-02 22:54:17.620460
Existing_entries: 0
Fetching from https://rsshub.app/juejin/posts/1838039172387262
Fetch error: 403
Fetch failed from https://rsshub.app/juejin/posts/1838039172387262
append_entries: 0
error when rendering xml, skip docs/juejinzhuanlan
------------------------------------------------------
Started: 2026-07-03 01:44:33.053691
Existing_entries: 0
Fetching from https://rsshub.app/juejin/posts/1838039172387262
Fetch error: 403
Fetch failed from https://rsshub.app/juejin/posts/1838039172387262
append_entries: 0
error when rendering xml, skip docs/juejinzhuanlan
------------------------------------------------------
Started: 2026-07-03 05:41:40.465236
Existing_entries: 0
Fetching from https://rsshub.app/juejin/posts/1838039172387262
Fetch error: 403
Fetch failed from https://rsshub.app/juejin/posts/1838039172387262
append_entries: 0
error when rendering xml, skip docs/juejinzhuanlan
------------------------------------------------------
Started: 2026-07-03 08:44:59.028223
Existing_entries: 0
Fetching from https://rsshub.app/juejin/posts/1838039172387262
Fetch error: 403
Fetch failed from https://rsshub.app/juejin/posts/1838039172387262
append_entries: 0
error when rendering xml, skip docs/juejinzhuanlan
------------------------------------------------------
Started: 2026-07-03 11:59:36.175140
Existing_entries: 0
Fetching from https://rsshub.app/juejin/posts/1838039172387262
Fetch error: 403
Fetch failed from https://rsshub.app/juejin/posts/1838039172387262
append_entries: 0
error when rendering xml, skip docs/juejinzhuanlan
------------------------------------------------------
Started: 2026-07-03 13:54:55.010520
Existing_entries: 0
Fetching from https://rsshub.app/juejin/posts/1838039172387262
Fetch error: 403
Fetch failed from https://rsshub.app/juejin/posts/1838039172387262
append_entries: 0
error when rendering xml, skip docs/juejinzhuanlan
------------------------------------------------------
Started: 2026-07-03 15:47:45.176699
Existing_entries: 0
Fetching from https://rsshub.app/juejin/posts/1838039172387262
Fetch error: 403
Fetch failed from https://rsshub.app/juejin/posts/1838039172387262
append_entries: 0
error when rendering xml, skip docs/juejinzhuanlan
------------------------------------------------------
Started: 2026-07-03 17:09:55.642687
Existing_entries: 0
Fetching from https://rsshub.app/juejin/posts/1838039172387262
Fetch error: 403
Fetch failed from https://rsshub.app/juejin/posts/1838039172387262
append_entries: 0
error when rendering xml, skip docs/juejinzhuanlan
------------------------------------------------------
Started: 2026-07-03 18:57:48.691664
Existing_entries: 0
Fetching from https://rsshub.app/juejin/posts/1838039172387262
Fetch error: 403
Fetch failed from https://rsshub.app/juejin/posts/1838039172387262
append_entries: 0
error when rendering xml, skip docs/juejinzhuanlan
------------------------------------------------------
Started: 2026-07-03 20:50:14.758901
Existing_entries: 0
Fetching from https://rsshub.app/juejin/posts/1838039172387262
Fetch error: 403
Fetch failed from https://rsshub.app/juejin/posts/1838039172387262
append_entries: 0
error when rendering xml, skip docs/juejinzhuanlan
------------------------------------------------------
Started: 2026-07-03 22:52:11.928631
Existing_entries: 0
Fetching from https://rsshub.app/juejin/posts/1838039172387262
Fetch error: 403
Fetch failed from https://rsshub.app/juejin/posts/1838039172387262
append_entries: 0
error when rendering xml, skip docs/juejinzhuanlan
------------------------------------------------------
Started: 2026-07-04 01:43:52.722638
Existing_entries: 0
Fetching from https://rsshub.app/juejin/posts/1838039172387262
Fetch error: 403
Fetch failed from https://rsshub.app/juejin/posts/1838039172387262
append_entries: 0
error when rendering xml, skip docs/juejinzhuanlan
------------------------------------------------------
Started: 2026-07-04 05:34:33.186830
Existing_entries: 0
Fetching from https://rsshub.app/juejin/posts/1838039172387262
Fetch error: 403
Fetch failed from https://rsshub.app/juejin/posts/1838039172387262
append_entries: 0
error when rendering xml, skip docs/juejinzhuanlan
------------------------------------------------------
Started: 2026-07-04 08:18:54.776816
Existing_entries: 0
Fetching from https://rsshub.app/juejin/posts/1838039172387262
Fetch error: 403
Fetch failed from https://rsshub.app/juejin/posts/1838039172387262
append_entries: 0
error when rendering xml, skip docs/juejinzhuanlan
------------------------------------------------------
Started: 2026-07-04 11:16:23.761994
Existing_entries: 0
Fetching from https://rsshub.app/juejin/posts/1838039172387262
Fetch error: 403
Fetch failed from https://rsshub.app/juejin/posts/1838039172387262
append_entries: 0
error when rendering xml, skip docs/juejinzhuanlan
------------------------------------------------------
Started: 2026-07-04 12:54:51.997418
Existing_entries: 0
Fetching from https://rsshub.app/juejin/posts/1838039172387262
Fetch error: 403
Fetch failed from https://rsshub.app/juejin/posts/1838039172387262
append_entries: 0
error when rendering xml, skip docs/juejinzhuanlan
------------------------------------------------------
Started: 2026-07-04 14:56:54.931630
Existing_entries: 0
Fetching from https://rsshub.app/juejin/posts/1838039172387262
Fetch error: 403
Fetch failed from https://rsshub.app/juejin/posts/1838039172387262
append_entries: 0
error when rendering xml, skip docs/juejinzhuanlan
------------------------------------------------------
Started: 2026-07-04 16:50:21.637574
Existing_entries: 0
Fetching from https://rsshub.app/juejin/posts/1838039172387262
Fetch error: 403
Fetch failed from https://rsshub.app/juejin/posts/1838039172387262
append_entries: 0
error when rendering xml, skip docs/juejinzhuanlan
------------------------------------------------------
Started: 2026-07-04 18:52:04.504120
Existing_entries: 0
Fetching from https://rsshub.app/juejin/posts/1838039172387262
Fetch error: 403
Fetch failed from https://rsshub.app/juejin/posts/1838039172387262
append_entries: 0
error when rendering xml, skip docs/juejinzhuanlan
------------------------------------------------------
Started: 2026-07-04 20:41:03.511934
Existing_entries: 0
Fetching from https://rsshub.app/juejin/posts/1838039172387262
Fetch error: 403
Fetch failed from https://rsshub.app/juejin/posts/1838039172387262
append_entries: 0
error when rendering xml, skip docs/juejinzhuanlan
------------------------------------------------------
Started: 2026-07-04 22:44:28.829492
Existing_entries: 0
Fetching from https://rsshub.app/juejin/posts/1838039172387262
Fetch error: 403
Fetch failed from https://rsshub.app/juejin/posts/1838039172387262
append_entries: 0
error when rendering xml, skip docs/juejinzhuanlan
------------------------------------------------------
Started: 2026-07-05 01:48:22.404583
Existing_entries: 0
Fetching from https://rsshub.app/juejin/posts/1838039172387262
Fetch error: 403
Fetch failed from https://rsshub.app/juejin/posts/1838039172387262
append_entries: 0
error when rendering xml, skip docs/juejinzhuanlan
------------------------------------------------------
Started: 2026-07-05 05:52:49.116959
Existing_entries: 0
Fetching from https://rsshub.app/juejin/posts/1838039172387262
Fetch error: 403
Fetch failed from https://rsshub.app/juejin/posts/1838039172387262
append_entries: 0
error when rendering xml, skip docs/juejinzhuanlan
------------------------------------------------------
Started: 2026-07-05 08:37:24.057872
Existing_entries: 0
Fetching from https://rsshub.app/juejin/posts/1838039172387262
Fetch error: 403
Fetch failed from https://rsshub.app/juejin/posts/1838039172387262
append_entries: 0
error when rendering xml, skip docs/juejinzhuanlan
------------------------------------------------------
Started: 2026-07-05 11:22:00.910898
Existing_entries: 0
Fetching from https://rsshub.app/juejin/posts/1838039172387262
Fetch error: 403
Fetch failed from https://rsshub.app/juejin/posts/1838039172387262
append_entries: 0
error when rendering xml, skip docs/juejinzhuanlan
------------------------------------------------------
Started: 2026-07-05 13:02:31.272542
Existing_entries: 0
Fetching from https://rsshub.app/juejin/posts/1838039172387262
Fetch error: 403
Fetch failed from https://rsshub.app/juejin/posts/1838039172387262
append_entries: 0
error when rendering xml, skip docs/juejinzhuanlan
------------------------------------------------------
Started: 2026-07-05 15:04:41.815330
Existing_entries: 0
Fetching from https://rsshub.app/juejin/posts/1838039172387262
Fetch error: 403
Fetch failed from https://rsshub.app/juejin/posts/1838039172387262
append_entries: 0
error when rendering xml, skip docs/juejinzhuanlan
------------------------------------------------------
Started: 2026-07-05 16:52:29.711749
Existing_entries: 0
Fetching from https://rsshub.app/juejin/posts/1838039172387262
Fetch error: 403
Fetch failed from https://rsshub.app/juejin/posts/1838039172387262
append_entries: 0
error when rendering xml, skip docs/juejinzhuanlan
------------------------------------------------------
Started: 2026-07-05 18:56:20.472754
Existing_entries: 0
Fetching from https://rsshub.app/juejin/posts/1838039172387262
Fetch error: 403
Fetch failed from https://rsshub.app/juejin/posts/1838039172387262
append_entries: 0
error when rendering xml, skip docs/juejinzhuanlan
------------------------------------------------------
Started: 2026-07-05 20:44:22.279780
Existing_entries: 0
Fetching from https://rsshub.app/juejin/posts/1838039172387262
Fetch error: 403
Fetch failed from https://rsshub.app/juejin/posts/1838039172387262
append_entries: 0
error when rendering xml, skip docs/juejinzhuanlan
------------------------------------------------------
Started: 2026-07-05 22:47:00.726753
Existing_entries: 0
Fetching from https://rsshub.app/juejin/posts/1838039172387262
Fetch error: 403
Fetch failed from https://rsshub.app/juejin/posts/1838039172387262
append_entries: 0
error when rendering xml, skip docs/juejinzhuanlan
------------------------------------------------------
Started: 2026-07-06 01:54:52.107765
Existing_entries: 0
Fetching from https://rsshub.app/juejin/posts/1838039172387262
Fetch error: 403
Fetch failed from https://rsshub.app/juejin/posts/1838039172387262
append_entries: 0
error when rendering xml, skip docs/juejinzhuanlan
------------------------------------------------------
Started: 2026-07-06 06:16:47.906256
Existing_entries: 0
Fetching from https://rsshub.app/juejin/posts/1838039172387262
Fetch error: 403
Fetch failed from https://rsshub.app/juejin/posts/1838039172387262
append_entries: 0
error when rendering xml, skip docs/juejinzhuanlan
------------------------------------------------------
Started: 2026-07-06 11:53:40.215879
Existing_entries: 0
Fetching from https://rsshub.app/juejin/posts/1838039172387262
Fetch error: 403
Fetch failed from https://rsshub.app/juejin/posts/1838039172387262
append_entries: 0
error when rendering xml, skip docs/juejinzhuanlan
------------------------------------------------------
Started: 2026-07-06 14:52:29.641626
Existing_entries: 0
Fetching from https://rsshub.app/juejin/posts/1838039172387262
Fetch error: 403
Fetch failed from https://rsshub.app/juejin/posts/1838039172387262
append_entries: 0
error when rendering xml, skip docs/juejinzhuanlan
------------------------------------------------------
Started: 2026-07-06 18:02:36.442958
Existing_entries: 0
Fetching from https://rsshub.app/juejin/posts/1838039172387262
Fetch error: 403
Fetch failed from https://rsshub.app/juejin/posts/1838039172387262
append_entries: 0
error when rendering xml, skip docs/juejinzhuanlan
------------------------------------------------------
Started: 2026-07-06 21:18:12.359015
Existing_entries: 0
Fetching from https://rsshub.app/juejin/posts/1838039172387262
Fetch error: 403
Fetch failed from https://rsshub.app/juejin/posts/1838039172387262
append_entries: 0
error when rendering xml, skip docs/juejinzhuanlan
------------------------------------------------------
Started: 2026-07-06 22:54:22.311531
Existing_entries: 0
Fetching from https://rsshub.app/juejin/posts/1838039172387262
Fetch error: 403
Fetch failed from https://rsshub.app/juejin/posts/1838039172387262
append_entries: 0
error when rendering xml, skip docs/juejinzhuanlan
------------------------------------------------------
Started: 2026-07-07 01:51:21.560244
Existing_entries: 0
Fetching from https://rsshub.app/juejin/posts/1838039172387262
Fetch error: 403
Fetch failed from https://rsshub.app/juejin/posts/1838039172387262
append_entries: 0
error when rendering xml, skip docs/juejinzhuanlan
------------------------------------------------------
Started: 2026-07-07 05:57:47.579391
Existing_entries: 0
Fetching from https://rsshub.app/juejin/posts/1838039172387262
Fetch error: 403
Fetch failed from https://rsshub.app/juejin/posts/1838039172387262
append_entries: 0
error when rendering xml, skip docs/juejinzhuanlan
------------------------------------------------------
Started: 2026-07-07 09:28:37.188349
Existing_entries: 0
Fetching from https://rsshub.app/juejin/posts/1838039172387262
Fetch error: 403
Fetch failed from https://rsshub.app/juejin/posts/1838039172387262
append_entries: 0
error when rendering xml, skip docs/juejinzhuanlan
------------------------------------------------------
Started: 2026-07-07 12:20:45.865177
Existing_entries: 0
Fetching from https://rsshub.app/juejin/posts/1838039172387262
Fetch error: 403
Fetch failed from https://rsshub.app/juejin/posts/1838039172387262
append_entries: 0
error when rendering xml, skip docs/juejinzhuanlan
------------------------------------------------------
Started: 2026-07-07 16:15:20.078755
Existing_entries: 0
Fetching from https://rsshub.app/juejin/posts/1838039172387262
Fetch error: 403
Fetch failed from https://rsshub.app/juejin/posts/1838039172387262
append_entries: 0
error when rendering xml, skip docs/juejinzhuanlan
------------------------------------------------------
Started: 2026-07-07 19:30:25.328511
Existing_entries: 0
Fetching from https://rsshub.app/juejin/posts/1838039172387262
Fetch error: 403
Fetch failed from https://rsshub.app/juejin/posts/1838039172387262
append_entries: 0
error when rendering xml, skip docs/juejinzhuanlan
------------------------------------------------------
Started: 2026-07-07 21:12:59.061770
Existing_entries: 0
Fetching from https://rsshub.app/juejin/posts/1838039172387262
Fetch error: 403
Fetch failed from https://rsshub.app/juejin/posts/1838039172387262
append_entries: 0
error when rendering xml, skip docs/juejinzhuanlan
------------------------------------------------------
Started: 2026-07-07 22:49:26.815781
Existing_entries: 0
Fetching from https://rsshub.app/juejin/posts/1838039172387262
Fetch error: 403
Fetch failed from https://rsshub.app/juejin/posts/1838039172387262
append_entries: 0
error when rendering xml, skip docs/juejinzhuanlan
------------------------------------------------------
Started: 2026-07-08 01:22:26.788247
Existing_entries: 0
Fetching from https://rsshub.app/juejin/posts/1838039172387262
Fetch error: 403
Fetch failed from https://rsshub.app/juejin/posts/1838039172387262
append_entries: 0
error when rendering xml, skip docs/juejinzhuanlan
------------------------------------------------------
Started: 2026-07-08 04:56:39.185619
Existing_entries: 0
Fetching from https://rsshub.app/juejin/posts/1838039172387262
Fetch error: 403
Fetch failed from https://rsshub.app/juejin/posts/1838039172387262
append_entries: 0
error when rendering xml, skip docs/juejinzhuanlan
------------------------------------------------------
Started: 2026-07-08 08:04:37.235920
Existing_entries: 0
Fetching from https://rsshub.app/juejin/posts/1838039172387262
Fetch error: 403
Fetch failed from https://rsshub.app/juejin/posts/1838039172387262
append_entries: 0
error when rendering xml, skip docs/juejinzhuanlan
------------------------------------------------------
Started: 2026-07-08 11:41:13.270470
Existing_entries: 0
Fetching from https://rsshub.app/juejin/posts/1838039172387262
Fetch error: 403
Fetch failed from https://rsshub.app/juejin/posts/1838039172387262
append_entries: 0
error when rendering xml, skip docs/juejinzhuanlan
------------------------------------------------------
Started: 2026-07-08 13:23:59.637212
Existing_entries: 0
Fetching from https://rsshub.app/juejin/posts/1838039172387262
Fetch error: 403
Fetch failed from https://rsshub.app/juejin/posts/1838039172387262
append_entries: 0
error when rendering xml, skip docs/juejinzhuanlan
------------------------------------------------------
Started: 2026-07-08 15:57:03.068940
Existing_entries: 0
Fetching from https://rsshub.app/juejin/posts/1838039172387262
Fetch error: 403
Fetch failed from https://rsshub.app/juejin/posts/1838039172387262
append_entries: 0
error when rendering xml, skip docs/juejinzhuanlan
------------------------------------------------------
Started: 2026-07-08 17:18:06.300507
Existing_entries: 0
Fetching from https://rsshub.app/juejin/posts/1838039172387262
Fetch error: 403
Fetch failed from https://rsshub.app/juejin/posts/1838039172387262
append_entries: 0
error when rendering xml, skip docs/juejinzhuanlan
------------------------------------------------------
Started: 2026-07-08 19:02:12.031322
Existing_entries: 0
Fetching from https://rsshub.app/juejin/posts/1838039172387262
Fetch error: 403
Fetch failed from https://rsshub.app/juejin/posts/1838039172387262
append_entries: 0
error when rendering xml, skip docs/juejinzhuanlan
------------------------------------------------------
Started: 2026-07-08 20:53:23.445494
Existing_entries: 0
Fetching from https://rsshub.app/juejin/posts/1838039172387262
Fetch error: 403
Fetch failed from https://rsshub.app/juejin/posts/1838039172387262
append_entries: 0
error when rendering xml, skip docs/juejinzhuanlan
------------------------------------------------------
Started: 2026-07-08 22:53:18.676250
Existing_entries: 0
Fetching from https://rsshub.app/juejin/posts/1838039172387262
Fetch error: 403
Fetch failed from https://rsshub.app/juejin/posts/1838039172387262
append_entries: 0
error when rendering xml, skip docs/juejinzhuanlan
------------------------------------------------------
Started: 2026-07-09 01:31:17.274497
Existing_entries: 0
Fetching from https://rsshub.app/juejin/posts/1838039172387262
Fetch error: 403
Fetch failed from https://rsshub.app/juejin/posts/1838039172387262
append_entries: 0
error when rendering xml, skip docs/juejinzhuanlan
------------------------------------------------------
Started: 2026-07-09 05:53:40.934298
Existing_entries: 0
Fetching from https://rsshub.app/juejin/posts/1838039172387262
Fetch error: 403
Fetch failed from https://rsshub.app/juejin/posts/1838039172387262
append_entries: 0
error when rendering xml, skip docs/juejinzhuanlan
------------------------------------------------------
Started: 2026-07-09 09:00:25.351747
Existing_entries: 0
Fetching from https://rsshub.app/juejin/posts/1838039172387262
Fetch error: 403
Fetch failed from https://rsshub.app/juejin/posts/1838039172387262
append_entries: 0
error when rendering xml, skip docs/juejinzhuanlan
------------------------------------------------------
Started: 2026-07-09 12:34:58.042234
Existing_entries: 0
Fetching from https://rsshub.app/juejin/posts/1838039172387262
Fetch error: 403
Fetch failed from https://rsshub.app/juejin/posts/1838039172387262
append_entries: 0
error when rendering xml, skip docs/juejinzhuanlan
------------------------------------------------------
Started: 2026-07-09 16:20:44.579175
Existing_entries: 0
Fetching from https://rsshub.app/juejin/posts/1838039172387262
Fetch error: 403
Fetch failed from https://rsshub.app/juejin/posts/1838039172387262
append_entries: 0
error when rendering xml, skip docs/juejinzhuanlan
------------------------------------------------------
Started: 2026-07-09 19:17:19.520360
Existing_entries: 0
Fetching from https://rsshub.app/juejin/posts/1838039172387262
Fetch error: 403
Fetch failed from https://rsshub.app/juejin/posts/1838039172387262
append_entries: 0
error when rendering xml, skip docs/juejinzhuanlan
------------------------------------------------------
Started: 2026-07-09 21:09:00.334629
Existing_entries: 0
Fetching from https://rsshub.app/juejin/posts/1838039172387262
Fetch error: 403
Fetch failed from https://rsshub.app/juejin/posts/1838039172387262
append_entries: 0
error when rendering xml, skip docs/juejinzhuanlan
------------------------------------------------------
Started: 2026-07-09 23:00:37.117309
Existing_entries: 0
Fetching from https://rsshub.app/juejin/posts/1838039172387262
Fetch error: 403
Fetch failed from https://rsshub.app/juejin/posts/1838039172387262
append_entries: 0
error when rendering xml, skip docs/juejinzhuanlan
------------------------------------------------------
Started: 2026-07-10 01:28:32.047592
Existing_entries: 0
Fetching from https://rsshub.app/juejin/posts/1838039172387262
Fetch error: 403
Fetch failed from https://rsshub.app/juejin/posts/1838039172387262
append_entries: 0
error when rendering xml, skip docs/juejinzhuanlan
------------------------------------------------------
Started: 2026-07-10 05:51:09.717136
Existing_entries: 0
Fetching from https://rsshub.app/juejin/posts/1838039172387262
Fetch error: 403
Fetch failed from https://rsshub.app/juejin/posts/1838039172387262
append_entries: 0
error when rendering xml, skip docs/juejinzhuanlan
------------------------------------------------------
Started: 2026-07-10 08:57:00.101121
Existing_entries: 0
Fetching from https://rsshub.app/juejin/posts/1838039172387262
Fetch error: 403
Fetch failed from https://rsshub.app/juejin/posts/1838039172387262
append_entries: 0
error when rendering xml, skip docs/juejinzhuanlan
------------------------------------------------------
Started: 2026-07-10 12:18:14.194360
Existing_entries: 0
Fetching from https://rsshub.app/juejin/posts/1838039172387262
Fetch error: 403
Fetch failed from https://rsshub.app/juejin/posts/1838039172387262
append_entries: 0
error when rendering xml, skip docs/juejinzhuanlan
------------------------------------------------------
Started: 2026-07-10 16:12:47.519806
Existing_entries: 0
Fetching from https://rsshub.app/juejin/posts/1838039172387262
Fetch error: 403
Fetch failed from https://rsshub.app/juejin/posts/1838039172387262
append_entries: 0
error when rendering xml, skip docs/juejinzhuanlan
------------------------------------------------------
Started: 2026-07-10 19:12:30.492946
Existing_entries: 0
Fetching from https://rsshub.app/juejin/posts/1838039172387262
Fetch error: 403
Fetch failed from https://rsshub.app/juejin/posts/1838039172387262
append_entries: 0
error when rendering xml, skip docs/juejinzhuanlan
------------------------------------------------------
Started: 2026-07-10 20:57:42.693789
Existing_entries: 0
Fetching from https://rsshub.app/juejin/posts/1838039172387262
Fetch error: 403
Fetch failed from https://rsshub.app/juejin/posts/1838039172387262
append_entries: 0
error when rendering xml, skip docs/juejinzhuanlan
------------------------------------------------------
Started: 2026-07-10 22:47:16.513485
Existing_entries: 0
Fetching from https://rsshub.app/juejin/posts/1838039172387262
Fetch error: 403
Fetch failed from https://rsshub.app/juejin/posts/1838039172387262
append_entries: 0
error when rendering xml, skip docs/juejinzhuanlan
------------------------------------------------------
Started: 2026-07-11 01:21:52.055370
Existing_entries: 0
Fetching from https://rsshub.app/juejin/posts/1838039172387262
Fetch error: 403
Fetch failed from https://rsshub.app/juejin/posts/1838039172387262
append_entries: 0
error when rendering xml, skip docs/juejinzhuanlan
------------------------------------------------------
Started: 2026-07-11 04:51:26.978133
Existing_entries: 0
Fetching from https://rsshub.app/juejin/posts/1838039172387262
Fetch error: 403
Fetch failed from https://rsshub.app/juejin/posts/1838039172387262
append_entries: 0
error when rendering xml, skip docs/juejinzhuanlan
------------------------------------------------------
Started: 2026-07-11 07:29:41.969835
Existing_entries: 0
Fetching from https://rsshub.app/juejin/posts/1838039172387262
Fetch error: 403
Fetch failed from https://rsshub.app/juejin/posts/1838039172387262
append_entries: 0
error when rendering xml, skip docs/juejinzhuanlan
------------------------------------------------------
Started: 2026-07-11 09:14:24.833411
Existing_entries: 0
Fetching from https://rsshub.app/juejin/posts/1838039172387262
Fetch error: 403
Fetch failed from https://rsshub.app/juejin/posts/1838039172387262
append_entries: 0
error when rendering xml, skip docs/juejinzhuanlan
------------------------------------------------------
Started: 2026-07-11 10:52:07.094338
Existing_entries: 0
Fetching from https://rsshub.app/juejin/posts/1838039172387262
Fetch error: 403
Fetch failed from https://rsshub.app/juejin/posts/1838039172387262
append_entries: 0
error when rendering xml, skip docs/juejinzhuanlan
------------------------------------------------------
Started: 2026-07-11 12:47:10.600491
Existing_entries: 0
Fetching from https://rsshub.app/juejin/posts/1838039172387262
Fetch error: 403
Fetch failed from https://rsshub.app/juejin/posts/1838039172387262
append_entries: 0
error when rendering xml, skip docs/juejinzhuanlan
------------------------------------------------------
Started: 2026-07-11 14:43:31.824719
Existing_entries: 0
Fetching from https://rsshub.app/juejin/posts/1838039172387262
Fetch error: 403
Fetch failed from https://rsshub.app/juejin/posts/1838039172387262
append_entries: 0
error when rendering xml, skip docs/juejinzhuanlan
------------------------------------------------------
Started: 2026-07-11 16:40:21.511081
Existing_entries: 0
Fetching from https://rsshub.app/juejin/posts/1838039172387262
Fetch error: 403
Fetch failed from https://rsshub.app/juejin/posts/1838039172387262
append_entries: 0
error when rendering xml, skip docs/juejinzhuanlan
------------------------------------------------------
Started: 2026-07-11 18:41:20.150059
Existing_entries: 0
Fetching from https://rsshub.app/juejin/posts/1838039172387262
Fetch error: 403
Fetch failed from https://rsshub.app/juejin/posts/1838039172387262
append_entries: 0
error when rendering xml, skip docs/juejinzhuanlan
------------------------------------------------------
Started: 2026-07-11 20:36:05.701710
Existing_entries: 0
Fetching from https://rsshub.app/juejin/posts/1838039172387262
Fetch error: 403
Fetch failed from https://rsshub.app/juejin/posts/1838039172387262
append_entries: 0
error when rendering xml, skip docs/juejinzhuanlan
------------------------------------------------------
Started: 2026-07-11 22:34:50.891750
Existing_entries: 0
Fetching from https://rsshub.app/juejin/posts/1838039172387262
Fetch error: 403
Fetch failed from https://rsshub.app/juejin/posts/1838039172387262
append_entries: 0
error when rendering xml, skip docs/juejinzhuanlan
------------------------------------------------------
Started: 2026-07-12 01:23:35.637868
Existing_entries: 0
Fetching from https://rsshub.app/juejin/posts/1838039172387262
Fetch error: 403
Fetch failed from https://rsshub.app/juejin/posts/1838039172387262
append_entries: 0
error when rendering xml, skip docs/juejinzhuanlan
------------------------------------------------------
Started: 2026-07-12 05:14:24.355444
Existing_entries: 0
Fetching from https://rsshub.app/juejin/posts/1838039172387262
Fetch error: 403
Fetch failed from https://rsshub.app/juejin/posts/1838039172387262
append_entries: 0
error when rendering xml, skip docs/juejinzhuanlan
------------------------------------------------------
Started: 2026-07-12 07:55:08.915911
Existing_entries: 0
Fetching from https://rsshub.app/juejin/posts/1838039172387262
Fetch error: 403
Fetch failed from https://rsshub.app/juejin/posts/1838039172387262
append_entries: 0
error when rendering xml, skip docs/juejinzhuanlan
------------------------------------------------------
Started: 2026-07-12 09:41:16.239153
Existing_entries: 0
Fetching from https://rsshub.app/juejin/posts/1838039172387262
Fetch error: 403
Fetch failed from https://rsshub.app/juejin/posts/1838039172387262
append_entries: 0
error when rendering xml, skip docs/juejinzhuanlan
------------------------------------------------------
Started: 2026-07-12 11:02:50.481134
Existing_entries: 0
Fetching from https://rsshub.app/juejin/posts/1838039172387262
Fetch error: 403
Fetch failed from https://rsshub.app/juejin/posts/1838039172387262
append_entries: 0
error when rendering xml, skip docs/juejinzhuanlan
------------------------------------------------------
Started: 2026-07-12 12:49:24.255578
Existing_entries: 0
Fetching from https://rsshub.app/juejin/posts/1838039172387262
Fetch error: 403
Fetch failed from https://rsshub.app/juejin/posts/1838039172387262
append_entries: 0
error when rendering xml, skip docs/juejinzhuanlan
------------------------------------------------------
Started: 2026-07-12 14:46:08.709606
Existing_entries: 0
Fetching from https://rsshub.app/juejin/posts/1838039172387262
Fetch error: 403
Fetch failed from https://rsshub.app/juejin/posts/1838039172387262
append_entries: 0
error when rendering xml, skip docs/juejinzhuanlan
------------------------------------------------------
Started: 2026-07-12 16:42:37.859008
Existing_entries: 0
Fetching from https://rsshub.app/juejin/posts/1838039172387262
Fetch error: 403
Fetch failed from https://rsshub.app/juejin/posts/1838039172387262
append_entries: 0
error when rendering xml, skip docs/juejinzhuanlan
------------------------------------------------------
Started: 2026-07-12 18:44:48.498812
Existing_entries: 0
Fetching from https://rsshub.app/juejin/posts/1838039172387262
Fetch error: 403
Fetch failed from https://rsshub.app/juejin/posts/1838039172387262
append_entries: 0
error when rendering xml, skip docs/juejinzhuanlan
------------------------------------------------------
Started: 2026-07-12 20:33:16.179586
Existing_entries: 0
Fetching from https://rsshub.app/juejin/posts/1838039172387262
Fetch error: 403
Fetch failed from https://rsshub.app/juejin/posts/1838039172387262
append_entries: 0
error when rendering xml, skip docs/juejinzhuanlan
------------------------------------------------------
Started: 2026-07-12 22:35:55.803486
Existing_entries: 0
Fetching from https://rsshub.app/juejin/posts/1838039172387262
Fetch error: 403
Fetch failed from https://rsshub.app/juejin/posts/1838039172387262
append_entries: 0
error when rendering xml, skip docs/juejinzhuanlan
------------------------------------------------------
Started: 2026-07-13 01:25:09.879731
Existing_entries: 0
Fetching from https://rsshub.app/juejin/posts/1838039172387262
Fetch error: 403
Fetch failed from https://rsshub.app/juejin/posts/1838039172387262
append_entries: 0
error when rendering xml, skip docs/juejinzhuanlan
------------------------------------------------------
Started: 2026-07-13 05:23:13.153013
Existing_entries: 0
Fetching from https://rsshub.app/juejin/posts/1838039172387262
Fetch error: 403
Fetch failed from https://rsshub.app/juejin/posts/1838039172387262
append_entries: 0
error when rendering xml, skip docs/juejinzhuanlan
------------------------------------------------------
Started: 2026-07-13 08:42:59.697806
Existing_entries: 0
Fetching from https://rsshub.app/juejin/posts/1838039172387262
Fetch error: 403
Fetch failed from https://rsshub.app/juejin/posts/1838039172387262
append_entries: 0
error when rendering xml, skip docs/juejinzhuanlan
------------------------------------------------------
Started: 2026-07-13 12:25:36.527275
Existing_entries: 0
Fetching from https://rsshub.app/juejin/posts/1838039172387262
Fetch error: 403
Fetch failed from https://rsshub.app/juejin/posts/1838039172387262
append_entries: 0
error when rendering xml, skip docs/juejinzhuanlan
------------------------------------------------------
Started: 2026-07-13 16:19:14.881195
Existing_entries: 0
Fetching from https://rsshub.app/juejin/posts/1838039172387262
Fetch error: 403
Fetch failed from https://rsshub.app/juejin/posts/1838039172387262
append_entries: 0
error when rendering xml, skip docs/juejinzhuanlan
------------------------------------------------------
Started: 2026-07-13 19:07:54.052946
Existing_entries: 0
Fetching from https://rsshub.app/juejin/posts/1838039172387262
Fetch error: 403
Fetch failed from https://rsshub.app/juejin/posts/1838039172387262
append_entries: 0
error when rendering xml, skip docs/juejinzhuanlan
------------------------------------------------------
Started: 2026-07-13 20:46:40.071312
Existing_entries: 0
Fetching from https://rsshub.app/juejin/posts/1838039172387262
Fetch error: 403
Fetch failed from https://rsshub.app/juejin/posts/1838039172387262
append_entries: 0
error when rendering xml, skip docs/juejinzhuanlan
------------------------------------------------------
Started: 2026-07-13 22:42:25.742034
Existing_entries: 0
Fetching from https://rsshub.app/juejin/posts/1838039172387262
Fetch error: 403
Fetch failed from https://rsshub.app/juejin/posts/1838039172387262
append_entries: 0
error when rendering xml, skip docs/juejinzhuanlan
------------------------------------------------------
Started: 2026-07-14 01:14:05.255720
Existing_entries: 0
Fetching from https://rsshub.app/juejin/posts/1838039172387262
Fetch error: 403
Fetch failed from https://rsshub.app/juejin/posts/1838039172387262
append_entries: 0
error when rendering xml, skip docs/juejinzhuanlan
------------------------------------------------------
Started: 2026-07-14 04:38:18.831851
Existing_entries: 0
Fetching from https://rsshub.app/juejin/posts/1838039172387262
Fetch error: 403
Fetch failed from https://rsshub.app/juejin/posts/1838039172387262
append_entries: 0
error when rendering xml, skip docs/juejinzhuanlan
------------------------------------------------------
Started: 2026-07-14 07:43:41.652804
Existing_entries: 0
Fetching from https://rsshub.app/juejin/posts/1838039172387262
Fetch error: 403
Fetch failed from https://rsshub.app/juejin/posts/1838039172387262
append_entries: 0
error when rendering xml, skip docs/juejinzhuanlan
------------------------------------------------------
Started: 2026-07-14 09:43:46.931447
Existing_entries: 0
Fetching from https://rsshub.app/juejin/posts/1838039172387262
Fetch error: 403
Fetch failed from https://rsshub.app/juejin/posts/1838039172387262
append_entries: 0
error when rendering xml, skip docs/juejinzhuanlan
------------------------------------------------------
Started: 2026-07-14 11:16:00.129488
Existing_entries: 0
Fetching from https://rsshub.app/juejin/posts/1838039172387262
Fetch error: 403
Fetch failed from https://rsshub.app/juejin/posts/1838039172387262
append_entries: 0
error when rendering xml, skip docs/juejinzhuanlan
------------------------------------------------------
Started: 2026-07-14 13:01:12.678111
Existing_entries: 0
Fetching from https://rsshub.app/juejin/posts/1838039172387262
Fetch error: 403
Fetch failed from https://rsshub.app/juejin/posts/1838039172387262
append_entries: 0
error when rendering xml, skip docs/juejinzhuanlan
------------------------------------------------------
Started: 2026-07-14 15:14:21.090520
Existing_entries: 0
Fetching from https://rsshub.app/juejin/posts/1838039172387262
Fetch error: 403
Fetch failed from https://rsshub.app/juejin/posts/1838039172387262
append_entries: 0
error when rendering xml, skip docs/juejinzhuanlan
------------------------------------------------------
Started: 2026-07-14 16:59:45.106912
Existing_entries: 0
Fetching from https://rsshub.app/juejin/posts/1838039172387262
Fetch error: 403
Fetch failed from https://rsshub.app/juejin/posts/1838039172387262
append_entries: 0
error when rendering xml, skip docs/juejinzhuanlan
------------------------------------------------------
Started: 2026-07-14 18:57:50.437186
Existing_entries: 0
Fetching from https://rsshub.app/juejin/posts/1838039172387262
Fetch error: 403
Fetch failed from https://rsshub.app/juejin/posts/1838039172387262
append_entries: 0
error when rendering xml, skip docs/juejinzhuanlan
------------------------------------------------------
Started: 2026-07-14 20:47:41.817131
Existing_entries: 0
Fetching from https://rsshub.app/juejin/posts/1838039172387262
Fetch error: 403
Fetch failed from https://rsshub.app/juejin/posts/1838039172387262
append_entries: 0
error when rendering xml, skip docs/juejinzhuanlan
------------------------------------------------------
Started: 2026-07-14 22:43:47.898750
Existing_entries: 0
Fetching from https://rsshub.app/juejin/posts/1838039172387262
Fetch error: 403
Fetch failed from https://rsshub.app/juejin/posts/1838039172387262
append_entries: 0
error when rendering xml, skip docs/juejinzhuanlan
------------------------------------------------------
Started: 2026-07-15 01:11:33.580727
Existing_entries: 0
Fetching from https://rsshub.app/juejin/posts/1838039172387262
Fetch error: 403
Fetch failed from https://rsshub.app/juejin/posts/1838039172387262
append_entries: 0
error when rendering xml, skip docs/juejinzhuanlan
------------------------------------------------------
Started: 2026-07-15 04:38:05.998720
Existing_entries: 0
Fetching from https://rsshub.app/juejin/posts/1838039172387262
Fetch error: 403
Fetch failed from https://rsshub.app/juejin/posts/1838039172387262
append_entries: 0
error when rendering xml, skip docs/juejinzhuanlan
------------------------------------------------------
Started: 2026-07-15 07:47:02.972529
Existing_entries: 0
Fetching from https://rsshub.app/juejin/posts/1838039172387262
Fetch error: 403
Fetch failed from https://rsshub.app/juejin/posts/1838039172387262
append_entries: 0
error when rendering xml, skip docs/juejinzhuanlan
------------------------------------------------------
Started: 2026-07-15 09:47:24.712868
Existing_entries: 0
Fetching from https://rsshub.app/juejin/posts/1838039172387262
Fetch error: 403
Fetch failed from https://rsshub.app/juejin/posts/1838039172387262
append_entries: 0
error when rendering xml, skip docs/juejinzhuanlan
------------------------------------------------------
Started: 2026-07-15 11:19:32.657260
Existing_entries: 0
Fetching from https://rsshub.app/juejin/posts/1838039172387262
Fetch error: 403
Fetch failed from https://rsshub.app/juejin/posts/1838039172387262
append_entries: 0
error when rendering xml, skip docs/juejinzhuanlan
------------------------------------------------------
Started: 2026-07-15 13:04:50.208242
Existing_entries: 0
Fetching from https://rsshub.app/juejin/posts/1838039172387262
Fetch error: 403
Fetch failed from https://rsshub.app/juejin/posts/1838039172387262
append_entries: 0
error when rendering xml, skip docs/juejinzhuanlan
------------------------------------------------------
Started: 2026-07-15 15:16:13.059324
Existing_entries: 0
Fetching from https://rsshub.app/juejin/posts/1838039172387262
Fetch error: 403
Fetch failed from https://rsshub.app/juejin/posts/1838039172387262
append_entries: 0
error when rendering xml, skip docs/juejinzhuanlan
------------------------------------------------------
Started: 2026-07-15 17:02:05.804906
Existing_entries: 0
Fetching from https://rsshub.app/juejin/posts/1838039172387262
Fetch error: 403
Fetch failed from https://rsshub.app/juejin/posts/1838039172387262
append_entries: 0
error when rendering xml, skip docs/juejinzhuanlan
------------------------------------------------------
Started: 2026-07-15 18:50:56.209912
Existing_entries: 0
Fetching from https://rsshub.app/juejin/posts/1838039172387262
Fetch error: 403
Fetch failed from https://rsshub.app/juejin/posts/1838039172387262
append_entries: 0
error when rendering xml, skip docs/juejinzhuanlan
------------------------------------------------------
Started: 2026-07-15 20:47:21.506393
Existing_entries: 0
Fetching from https://rsshub.app/juejin/posts/1838039172387262
Fetch error: 403
Fetch failed from https://rsshub.app/juejin/posts/1838039172387262
append_entries: 0
error when rendering xml, skip docs/juejinzhuanlan
------------------------------------------------------
Started: 2026-07-15 22:45:30.673558
Existing_entries: 0
Fetching from https://rsshub.app/juejin/posts/1838039172387262
Fetch error: 403
Fetch failed from https://rsshub.app/juejin/posts/1838039172387262
append_entries: 0
error when rendering xml, skip docs/juejinzhuanlan
------------------------------------------------------
Started: 2026-07-16 01:20:38.670674
Existing_entries: 0
Fetching from https://rsshub.app/juejin/posts/1838039172387262
Fetch error: 403
Fetch failed from https://rsshub.app/juejin/posts/1838039172387262
append_entries: 0
error when rendering xml, skip docs/juejinzhuanlan
------------------------------------------------------
Started: 2026-07-16 04:48:34.582407
Existing_entries: 0
Fetching from https://rsshub.app/juejin/posts/1838039172387262
Fetch error: 403
Fetch failed from https://rsshub.app/juejin/posts/1838039172387262
append_entries: 0
error when rendering xml, skip docs/juejinzhuanlan
------------------------------------------------------
Started: 2026-07-16 07:52:09.214972
Existing_entries: 0
Fetching from https://rsshub.app/juejin/posts/1838039172387262
Fetch error: 403
Fetch failed from https://rsshub.app/juejin/posts/1838039172387262
append_entries: 0
error when rendering xml, skip docs/juejinzhuanlan
------------------------------------------------------
Started: 2026-07-16 09:53:15.844391
Existing_entries: 0
Fetching from https://rsshub.app/juejin/posts/1838039172387262
Fetch error: 403
Fetch failed from https://rsshub.app/juejin/posts/1838039172387262
append_entries: 0
error when rendering xml, skip docs/juejinzhuanlan
------------------------------------------------------
Started: 2026-07-16 11:25:39.103267
Existing_entries: 0
Fetching from https://rsshub.app/juejin/posts/1838039172387262
Fetch error: 403
Fetch failed from https://rsshub.app/juejin/posts/1838039172387262
append_entries: 0
error when rendering xml, skip docs/juejinzhuanlan
------------------------------------------------------
Started: 2026-07-16 13:13:17.863769
Existing_entries: 0
Fetching from https://rsshub.app/juejin/posts/1838039172387262
Fetch error: 403
Fetch failed from https://rsshub.app/juejin/posts/1838039172387262
append_entries: 0
error when rendering xml, skip docs/juejinzhuanlan
------------------------------------------------------
Started: 2026-07-16 15:24:14.950044
Existing_entries: 0
Fetching from https://rsshub.app/juejin/posts/1838039172387262
Fetch error: 403
Fetch failed from https://rsshub.app/juejin/posts/1838039172387262
append_entries: 0
error when rendering xml, skip docs/juejinzhuanlan
------------------------------------------------------
Started: 2026-07-16 17:00:10.631810
Existing_entries: 0
Fetching from https://rsshub.app/juejin/posts/1838039172387262
Fetch error: 403
Fetch failed from https://rsshub.app/juejin/posts/1838039172387262
append_entries: 0
error when rendering xml, skip docs/juejinzhuanlan
------------------------------------------------------
Started: 2026-07-16 18:52:27.936580
Existing_entries: 0
Fetching from https://rsshub.app/juejin/posts/1838039172387262
Fetch error: 403
Fetch failed from https://rsshub.app/juejin/posts/1838039172387262
append_entries: 0
error when rendering xml, skip docs/juejinzhuanlan
------------------------------------------------------
Started: 2026-07-16 20:42:25.680046
Existing_entries: 0
Fetching from https://rsshub.app/juejin/posts/1838039172387262
Fetch error: 403
Fetch failed from https://rsshub.app/juejin/posts/1838039172387262
append_entries: 0
error when rendering xml, skip docs/juejinzhuanlan
------------------------------------------------------
Started: 2026-07-16 22:45:11.639472
Existing_entries: 0
Fetching from https://rsshub.app/juejin/posts/1838039172387262
Fetch error: 403
Fetch failed from https://rsshub.app/juejin/posts/1838039172387262
append_entries: 0
error when rendering xml, skip docs/juejinzhuanlan
------------------------------------------------------
Started: 2026-07-17 01:23:55.157691
Existing_entries: 0
Fetching from https://rsshub.app/juejin/posts/1838039172387262
Fetch error: 403
Fetch failed from https://rsshub.app/juejin/posts/1838039172387262
append_entries: 0
error when rendering xml, skip docs/juejinzhuanlan
------------------------------------------------------
Started: 2026-07-17 04:51:46.868946
Existing_entries: 0
Fetching from https://rsshub.app/juejin/posts/1838039172387262
Fetch error: 403
Fetch failed from https://rsshub.app/juejin/posts/1838039172387262
append_entries: 0
error when rendering xml, skip docs/juejinzhuanlan
------------------------------------------------------
Started: 2026-07-17 07:49:10.372815
Existing_entries: 0
Fetching from https://rsshub.app/juejin/posts/1838039172387262
Fetch error: 403
Fetch failed from https://rsshub.app/juejin/posts/1838039172387262
append_entries: 0
error when rendering xml, skip docs/juejinzhuanlan
------------------------------------------------------
Started: 2026-07-17 09:44:33.511233
Existing_entries: 0
Fetching from https://rsshub.app/juejin/posts/1838039172387262
Fetch error: 403
Fetch failed from https://rsshub.app/juejin/posts/1838039172387262
append_entries: 0
error when rendering xml, skip docs/juejinzhuanlan
------------------------------------------------------
Started: 2026-07-17 11:12:56.649223
Existing_entries: 0
Fetching from https://rsshub.app/juejin/posts/1838039172387262
Fetch error: 403
Fetch failed from https://rsshub.app/juejin/posts/1838039172387262
append_entries: 0
error when rendering xml, skip docs/juejinzhuanlan
------------------------------------------------------
Started: 2026-07-17 12:57:42.370894
Existing_entries: 0
Fetching from https://rsshub.app/juejin/posts/1838039172387262
Fetch error: 403
Fetch failed from https://rsshub.app/juejin/posts/1838039172387262
append_entries: 0
error when rendering xml, skip docs/juejinzhuanlan
------------------------------------------------------
Started: 2026-07-17 15:04:23.156876
Existing_entries: 0
Fetching from https://rsshub.app/juejin/posts/1838039172387262
Fetch error: 403
Fetch failed from https://rsshub.app/juejin/posts/1838039172387262
append_entries: 0
error when rendering xml, skip docs/juejinzhuanlan
------------------------------------------------------
Started: 2026-07-17 16:57:18.301704
Existing_entries: 0
Fetching from https://rsshub.app/juejin/posts/1838039172387262
Fetch error: 403
Fetch failed from https://rsshub.app/juejin/posts/1838039172387262
append_entries: 0
error when rendering xml, skip docs/juejinzhuanlan
------------------------------------------------------
Started: 2026-07-17 18:49:37.140863
Existing_entries: 0
Fetching from https://rsshub.app/juejin/posts/1838039172387262
Fetch error: 403
Fetch failed from https://rsshub.app/juejin/posts/1838039172387262
append_entries: 0
error when rendering xml, skip docs/juejinzhuanlan
------------------------------------------------------
Started: 2026-07-17 20:40:49.828688
Existing_entries: 0
Fetching from https://rsshub.app/juejin/posts/1838039172387262
Fetch error: 403
Fetch failed from https://rsshub.app/juejin/posts/1838039172387262
append_entries: 0
error when rendering xml, skip docs/juejinzhuanlan
------------------------------------------------------
Started: 2026-07-17 22:36:25.641474
Existing_entries: 0
Fetching from https://rsshub.app/juejin/posts/1838039172387262
Fetch error: 403
Fetch failed from https://rsshub.app/juejin/posts/1838039172387262
append_entries: 0
error when rendering xml, skip docs/juejinzhuanlan
------------------------------------------------------
Started: 2026-07-18 01:15:28.727121
Existing_entries: 0
Fetching from https://rsshub.app/juejin/posts/1838039172387262
Fetch error: 403
Fetch failed from https://rsshub.app/juejin/posts/1838039172387262
append_entries: 0
error when rendering xml, skip docs/juejinzhuanlan
------------------------------------------------------
Started: 2026-07-18 04:36:58.533500
Existing_entries: 0
Fetching from https://rsshub.app/juejin/posts/1838039172387262
Fetch error: 403
Fetch failed from https://rsshub.app/juejin/posts/1838039172387262
append_entries: 0
error when rendering xml, skip docs/juejinzhuanlan
------------------------------------------------------
Started: 2026-07-18 07:23:31.187429
Existing_entries: 0
Fetching from https://rsshub.app/juejin/posts/1838039172387262
Fetch error: 403
Fetch failed from https://rsshub.app/juejin/posts/1838039172387262
append_entries: 0
error when rendering xml, skip docs/juejinzhuanlan
------------------------------------------------------
Started: 2026-07-18 09:14:00.529534
Existing_entries: 0
Fetching from https://rsshub.app/juejin/posts/1838039172387262
Fetch error: 403
Fetch failed from https://rsshub.app/juejin/posts/1838039172387262
append_entries: 0
error when rendering xml, skip docs/juejinzhuanlan
------------------------------------------------------
Started: 2026-07-18 10:54:59.515946
Existing_entries: 0
Fetching from https://rsshub.app/juejin/posts/1838039172387262
Fetch error: 403
Fetch failed from https://rsshub.app/juejin/posts/1838039172387262
append_entries: 0
error when rendering xml, skip docs/juejinzhuanlan
------------------------------------------------------
Started: 2026-07-18 12:44:23.999387
Existing_entries: 0
Fetching from https://rsshub.app/juejin/posts/1838039172387262
Fetch error: 403
Fetch failed from https://rsshub.app/juejin/posts/1838039172387262
append_entries: 0
error when rendering xml, skip docs/juejinzhuanlan
------------------------------------------------------
Started: 2026-07-18 14:43:17.524419
Existing_entries: 0
Fetching from https://rsshub.app/juejin/posts/1838039172387262
Fetch error: 403
Fetch failed from https://rsshub.app/juejin/posts/1838039172387262
append_entries: 0
error when rendering xml, skip docs/juejinzhuanlan
------------------------------------------------------
Started: 2026-07-18 16:41:49.207708
Existing_entries: 0
Fetching from https://rsshub.app/juejin/posts/1838039172387262
Fetch error: 403
Fetch failed from https://rsshub.app/juejin/posts/1838039172387262
append_entries: 0
error when rendering xml, skip docs/juejinzhuanlan
------------------------------------------------------
Started: 2026-07-18 18:42:23.131638
Existing_entries: 0
Fetching from https://rsshub.app/juejin/posts/1838039172387262
Fetch error: 403
Fetch failed from https://rsshub.app/juejin/posts/1838039172387262
append_entries: 0
error when rendering xml, skip docs/juejinzhuanlan
------------------------------------------------------
Started: 2026-07-18 20:35:06.862079
Existing_entries: 0
Fetching from https://rsshub.app/juejin/posts/1838039172387262
Fetch error: 403
Fetch failed from https://rsshub.app/juejin/posts/1838039172387262
append_entries: 0
error when rendering xml, skip docs/juejinzhuanlan
------------------------------------------------------
Started: 2026-07-18 22:36:16.164478
Existing_entries: 0
Fetching from https://rsshub.app/juejin/posts/1838039172387262
Fetch error: 403
Fetch failed from https://rsshub.app/juejin/posts/1838039172387262
append_entries: 0
error when rendering xml, skip docs/juejinzhuanlan
------------------------------------------------------
Started: 2026-07-19 01:21:28.002639
Existing_entries: 0
Fetching from https://rsshub.app/juejin/posts/1838039172387262
Fetch error: 403
Fetch failed from https://rsshub.app/juejin/posts/1838039172387262
append_entries: 0
error when rendering xml, skip docs/juejinzhuanlan
------------------------------------------------------
Started: 2026-07-19 04:58:45.809845
Existing_entries: 0
Fetching from https://rsshub.app/juejin/posts/1838039172387262
Fetch error: 403
Fetch failed from https://rsshub.app/juejin/posts/1838039172387262
append_entries: 0
error when rendering xml, skip docs/juejinzhuanlan
------------------------------------------------------
Started: 2026-07-19 07:54:57.430841
Existing_entries: 0
Fetching from https://rsshub.app/juejin/posts/1838039172387262
Fetch error: 403
Fetch failed from https://rsshub.app/juejin/posts/1838039172387262
append_entries: 0
error when rendering xml, skip docs/juejinzhuanlan
------------------------------------------------------
Started: 2026-07-19 09:42:24.502130
Existing_entries: 0
Fetching from https://rsshub.app/juejin/posts/1838039172387262
Fetch error: 403
Fetch failed from https://rsshub.app/juejin/posts/1838039172387262
append_entries: 0
error when rendering xml, skip docs/juejinzhuanlan
------------------------------------------------------
Started: 2026-07-19 11:02:21.827863
Existing_entries: 0
Fetching from https://rsshub.app/juejin/posts/1838039172387262
Fetch error: 403
Fetch failed from https://rsshub.app/juejin/posts/1838039172387262
append_entries: 0
error when rendering xml, skip docs/juejinzhuanlan
------------------------------------------------------
Started: 2026-07-19 12:46:07.394302
Existing_entries: 0
Fetching from https://rsshub.app/juejin/posts/1838039172387262
Fetch error: 403
Fetch failed from https://rsshub.app/juejin/posts/1838039172387262
append_entries: 0
error when rendering xml, skip docs/juejinzhuanlan
------------------------------------------------------
Started: 2026-07-19 14:45:08.965164
Existing_entries: 0
Fetching from https://rsshub.app/juejin/posts/1838039172387262
Fetch error: 403
Fetch failed from https://rsshub.app/juejin/posts/1838039172387262
append_entries: 0
error when rendering xml, skip docs/juejinzhuanlan
------------------------------------------------------
Started: 2026-07-19 16:41:56.711912
Existing_entries: 0
Fetching from https://rsshub.app/juejin/posts/1838039172387262
Fetch error: 403
Fetch failed from https://rsshub.app/juejin/posts/1838039172387262
append_entries: 0
error when rendering xml, skip docs/juejinzhuanlan
------------------------------------------------------
Started: 2026-07-19 18:45:07.070907
Existing_entries: 0
Fetching from https://rsshub.app/juejin/posts/1838039172387262
Fetch error: 403
Fetch failed from https://rsshub.app/juejin/posts/1838039172387262
append_entries: 0
error when rendering xml, skip docs/juejinzhuanlan
------------------------------------------------------
Started: 2026-07-19 20:35:50.169519
Existing_entries: 0
Fetching from https://rsshub.app/juejin/posts/1838039172387262
Fetch error: 403
Fetch failed from https://rsshub.app/juejin/posts/1838039172387262
append_entries: 0
error when rendering xml, skip docs/juejinzhuanlan
------------------------------------------------------
Started: 2026-07-19 22:39:23.883119
Existing_entries: 0
Fetching from https://rsshub.app/juejin/posts/1838039172387262
Fetch error: 403
Fetch failed from https://rsshub.app/juejin/posts/1838039172387262
append_entries: 0
error when rendering xml, skip docs/juejinzhuanlan
------------------------------------------------------
Started: 2026-07-20 01:25:07.647953
Existing_entries: 0
Fetching from https://rsshub.app/juejin/posts/1838039172387262
Fetch error: 403
Fetch failed from https://rsshub.app/juejin/posts/1838039172387262
append_entries: 0
error when rendering xml, skip docs/juejinzhuanlan
------------------------------------------------------
Started: 2026-07-20 05:27:27.207212
Existing_entries: 0
Fetching from https://rsshub.app/juejin/posts/1838039172387262
Fetch error: 403
Fetch failed from https://rsshub.app/juejin/posts/1838039172387262
append_entries: 0
error when rendering xml, skip docs/juejinzhuanlan
------------------------------------------------------
Started: 2026-07-20 08:34:29.021929
Existing_entries: 0
Fetching from https://rsshub.app/juejin/posts/1838039172387262
Fetch error: 403
Fetch failed from https://rsshub.app/juejin/posts/1838039172387262
append_entries: 0
error when rendering xml, skip docs/juejinzhuanlan
------------------------------------------------------
Started: 2026-07-20 12:08:03.016459
Existing_entries: 0
Fetching from https://rsshub.app/juejin/posts/1838039172387262
Fetch error: 403
Fetch failed from https://rsshub.app/juejin/posts/1838039172387262
append_entries: 0
error when rendering xml, skip docs/juejinzhuanlan
------------------------------------------------------
Started: 2026-07-20 15:43:15.163763
Existing_entries: 0
Fetching from https://rsshub.app/juejin/posts/1838039172387262
Fetch error: 403
Fetch failed from https://rsshub.app/juejin/posts/1838039172387262
append_entries: 0
error when rendering xml, skip docs/juejinzhuanlan
------------------------------------------------------
Started: 2026-07-20 17:14:53.774243
Existing_entries: 0
Fetching from https://rsshub.app/juejin/posts/1838039172387262
Fetch error: 403
Fetch failed from https://rsshub.app/juejin/posts/1838039172387262
append_entries: 0
error when rendering xml, skip docs/juejinzhuanlan
------------------------------------------------------
Started: 2026-07-20 19:20:48.604395
Existing_entries: 0
Fetching from https://rsshub.app/juejin/posts/1838039172387262
Fetch error: 403
Fetch failed from https://rsshub.app/juejin/posts/1838039172387262
append_entries: 0
error when rendering xml, skip docs/juejinzhuanlan
------------------------------------------------------
Started: 2026-07-20 20:57:51.092619
Existing_entries: 0
Fetching from https://rsshub.app/juejin/posts/1838039172387262
Fetch error: 403
Fetch failed from https://rsshub.app/juejin/posts/1838039172387262
append_entries: 0
error when rendering xml, skip docs/juejinzhuanlan
------------------------------------------------------
Started: 2026-07-20 22:43:54.808447
Existing_entries: 0
Fetching from https://rsshub.app/juejin/posts/1838039172387262
Fetch error: 403
Fetch failed from https://rsshub.app/juejin/posts/1838039172387262
append_entries: 0
error when rendering xml, skip docs/juejinzhuanlan
------------------------------------------------------
Started: 2026-07-21 01:21:32.931855
Existing_entries: 0
Fetching from https://rsshub.app/juejin/posts/1838039172387262
Fetch error: 403
Fetch failed from https://rsshub.app/juejin/posts/1838039172387262
append_entries: 0
error when rendering xml, skip docs/juejinzhuanlan
------------------------------------------------------
Started: 2026-07-21 04:56:46.009936
Existing_entries: 0
Fetching from https://rsshub.app/juejin/posts/1838039172387262
Fetch error: 403
Fetch failed from https://rsshub.app/juejin/posts/1838039172387262
append_entries: 0
error when rendering xml, skip docs/juejinzhuanlan
------------------------------------------------------
Started: 2026-07-21 08:04:30.251452
Existing_entries: 0
Fetching from https://rsshub.app/juejin/posts/1838039172387262
Fetch error: 403
Fetch failed from https://rsshub.app/juejin/posts/1838039172387262
append_entries: 0
error when rendering xml, skip docs/juejinzhuanlan
------------------------------------------------------
Started: 2026-07-21 11:41:05.220845
Existing_entries: 0
Fetching from https://rsshub.app/juejin/posts/1838039172387262
Fetch error: 403
Fetch failed from https://rsshub.app/juejin/posts/1838039172387262
append_entries: 0
error when rendering xml, skip docs/juejinzhuanlan
------------------------------------------------------
Started: 2026-07-21 13:10:36.105012
Existing_entries: 0
Fetching from https://rsshub.app/juejin/posts/1838039172387262
Fetch error: 403
Fetch failed from https://rsshub.app/juejin/posts/1838039172387262
append_entries: 0
error when rendering xml, skip docs/juejinzhuanlan
------------------------------------------------------
Started: 2026-07-21 15:27:49.428530
Existing_entries: 0
Fetching from https://rsshub.app/juejin/posts/1838039172387262
Fetch error: 403
Fetch failed from https://rsshub.app/juejin/posts/1838039172387262
append_entries: 0
error when rendering xml, skip docs/juejinzhuanlan
------------------------------------------------------
Started: 2026-07-21 17:04:48.206954
Existing_entries: 0
Fetching from https://rsshub.app/juejin/posts/1838039172387262
Fetch error: 403
Fetch failed from https://rsshub.app/juejin/posts/1838039172387262
append_entries: 0
error when rendering xml, skip docs/juejinzhuanlan
------------------------------------------------------
Started: 2026-07-21 19:00:27.449844
Existing_entries: 0
Fetching from https://rsshub.app/juejin/posts/1838039172387262
Fetch error: 403
Fetch failed from https://rsshub.app/juejin/posts/1838039172387262
append_entries: 0
error when rendering xml, skip docs/juejinzhuanlan
------------------------------------------------------
Started: 2026-07-21 20:56:07.067633
Existing_entries: 0
Fetching from https://rsshub.app/juejin/posts/1838039172387262
Fetch error: 403
Fetch failed from https://rsshub.app/juejin/posts/1838039172387262
append_entries: 0
error when rendering xml, skip docs/juejinzhuanlan
------------------------------------------------------
Started: 2026-07-21 22:42:49.762477
Existing_entries: 0
Fetching from https://rsshub.app/juejin/posts/1838039172387262
Fetch error: 403
Fetch failed from https://rsshub.app/juejin/posts/1838039172387262
append_entries: 0
error when rendering xml, skip docs/juejinzhuanlan
------------------------------------------------------
Started: 2026-07-22 01:20:23.426563
Existing_entries: 0
Fetching from https://rsshub.app/juejin/posts/1838039172387262
Fetch error: 403
Fetch failed from https://rsshub.app/juejin/posts/1838039172387262
append_entries: 0
error when rendering xml, skip docs/juejinzhuanlan
------------------------------------------------------
Started: 2026-07-22 04:56:03.134308
Existing_entries: 0
Fetching from https://rsshub.app/juejin/posts/1838039172387262
Fetch error: 403
Fetch failed from https://rsshub.app/juejin/posts/1838039172387262
append_entries: 0
error when rendering xml, skip docs/juejinzhuanlan
------------------------------------------------------
Started: 2026-07-22 08:04:58.325327
Existing_entries: 0
Fetching from https://rsshub.app/juejin/posts/1838039172387262
Fetch error: 403
Fetch failed from https://rsshub.app/juejin/posts/1838039172387262
append_entries: 0
error when rendering xml, skip docs/juejinzhuanlan
------------------------------------------------------
Started: 2026-07-22 11:41:23.804853
Existing_entries: 0
Fetching from https://rsshub.app/juejin/posts/1838039172387262
Fetch error: 403
Fetch failed from https://rsshub.app/juejin/posts/1838039172387262
append_entries: 0
error when rendering xml, skip docs/juejinzhuanlan
------------------------------------------------------
Started: 2026-07-22 13:16:41.299292
Existing_entries: 0
Fetching from https://rsshub.app/juejin/posts/1838039172387262
Fetch error: 403
Fetch failed from https://rsshub.app/juejin/posts/1838039172387262
append_entries: 0
error when rendering xml, skip docs/juejinzhuanlan
------------------------------------------------------
Started: 2026-07-22 15:25:25.025113
Existing_entries: 0
Fetching from https://rsshub.app/juejin/posts/1838039172387262
Fetch error: 403
Fetch failed from https://rsshub.app/juejin/posts/1838039172387262
append_entries: 0
error when rendering xml, skip docs/juejinzhuanlan
------------------------------------------------------
Started: 2026-07-22 17:05:23.597436
Existing_entries: 0
Fetching from https://rsshub.app/juejin/posts/1838039172387262
Fetch error: 403
Fetch failed from https://rsshub.app/juejin/posts/1838039172387262
append_entries: 0
error when rendering xml, skip docs/juejinzhuanlan
------------------------------------------------------
Started: 2026-07-22 18:53:34.154358
Existing_entries: 0
Fetching from https://rsshub.app/juejin/posts/1838039172387262
Fetch error: 403
Fetch failed from https://rsshub.app/juejin/posts/1838039172387262
append_entries: 0
error when rendering xml, skip docs/juejinzhuanlan
------------------------------------------------------
Started: 2026-07-22 20:52:38.734830
Existing_entries: 0
Fetching from https://rsshub.app/juejin/posts/1838039172387262
Fetch error: 403
Fetch failed from https://rsshub.app/juejin/posts/1838039172387262
append_entries: 0
error when rendering xml, skip docs/juejinzhuanlan
------------------------------------------------------
Started: 2026-07-22 22:50:32.539010
Existing_entries: 0
Fetching from https://rsshub.app/juejin/posts/1838039172387262
Fetch error: 403
Fetch failed from https://rsshub.app/juejin/posts/1838039172387262
append_entries: 0
error when rendering xml, skip docs/juejinzhuanlan
------------------------------------------------------
Started: 2026-07-23 01:27:03.802682
Existing_entries: 0
Fetching from https://rsshub.app/juejin/posts/1838039172387262
Fetch error: 403
Fetch failed from https://rsshub.app/juejin/posts/1838039172387262
append_entries: 0
error when rendering xml, skip docs/juejinzhuanlan
------------------------------------------------------
Started: 2026-07-23 05:13:24.148264
Existing_entries: 0
Fetching from https://rsshub.app/juejin/posts/1838039172387262
Fetch error: 403
Fetch failed from https://rsshub.app/juejin/posts/1838039172387262
append_entries: 0
error when rendering xml, skip docs/juejinzhuanlan
------------------------------------------------------
Started: 2026-07-23 08:07:40.260146
Existing_entries: 0
Fetching from https://rsshub.app/juejin/posts/1838039172387262
Fetch error: 403
Fetch failed from https://rsshub.app/juejin/posts/1838039172387262
append_entries: 0
error when rendering xml, skip docs/juejinzhuanlan
------------------------------------------------------
Started: 2026-07-23 11:45:00.202403
Existing_entries: 0
Fetching from https://rsshub.app/juejin/posts/1838039172387262
Fetch error: 403
Fetch failed from https://rsshub.app/juejin/posts/1838039172387262
append_entries: 0
error when rendering xml, skip docs/juejinzhuanlan
------------------------------------------------------
Started: 2026-07-23 13:19:17.310937
Existing_entries: 0
Fetching from https://rsshub.app/juejin/posts/1838039172387262
Fetch error: 403
Fetch failed from https://rsshub.app/juejin/posts/1838039172387262
append_entries: 0
error when rendering xml, skip docs/juejinzhuanlan
------------------------------------------------------
Started: 2026-07-23 15:46:53.582829
Existing_entries: 0
Fetching from https://rsshub.app/juejin/posts/1838039172387262
Fetch error: 403
Fetch failed from https://rsshub.app/juejin/posts/1838039172387262
append_entries: 0
error when rendering xml, skip docs/juejinzhuanlan
------------------------------------------------------
Started: 2026-07-23 17:07:20.119273
Existing_entries: 0
Fetching from https://rsshub.app/juejin/posts/1838039172387262
Fetch error: 403
Fetch failed from https://rsshub.app/juejin/posts/1838039172387262
append_entries: 0
error when rendering xml, skip docs/juejinzhuanlan
------------------------------------------------------
Started: 2026-07-23 18:55:50.439475
Existing_entries: 0
Fetching from https://rsshub.app/juejin/posts/1838039172387262
Fetch error: 403
Fetch failed from https://rsshub.app/juejin/posts/1838039172387262
append_entries: 0
error when rendering xml, skip docs/juejinzhuanlan
------------------------------------------------------
Started: 2026-07-23 20:48:48.407081
Existing_entries: 0
Fetching from https://rsshub.app/juejin/posts/1838039172387262
Fetch error: 403
Fetch failed from https://rsshub.app/juejin/posts/1838039172387262
append_entries: 0
error when rendering xml, skip docs/juejinzhuanlan
------------------------------------------------------
Started: 2026-07-23 22:44:08.953762
Existing_entries: 0
Fetching from https://rsshub.app/juejin/posts/1838039172387262
Fetch error: 403
Fetch failed from https://rsshub.app/juejin/posts/1838039172387262
append_entries: 0
error when rendering xml, skip docs/juejinzhuanlan
------------------------------------------------------
Started: 2026-07-24 01:23:43.523384
Existing_entries: 0
Fetching from https://rsshub.app/juejin/posts/1838039172387262
Fetch error: 403
Fetch failed from https://rsshub.app/juejin/posts/1838039172387262
append_entries: 0
error when rendering xml, skip docs/juejinzhuanlan
------------------------------------------------------
Started: 2026-07-24 04:58:17.696480
Existing_entries: 0
Fetching from https://rsshub.app/juejin/posts/1838039172387262
Fetch error: 403
Fetch failed from https://rsshub.app/juejin/posts/1838039172387262
append_entries: 0
error when rendering xml, skip docs/juejinzhuanlan
------------------------------------------------------
Started: 2026-07-24 08:03:58.146399
Existing_entries: 0
Fetching from https://rsshub.app/juejin/posts/1838039172387262
Fetch error: 403
Fetch failed from https://rsshub.app/juejin/posts/1838039172387262
append_entries: 0
error when rendering xml, skip docs/juejinzhuanlan
------------------------------------------------------
Started: 2026-07-24 11:29:29.054104
Existing_entries: 0
Fetching from https://rsshub.app/juejin/posts/1838039172387262
Fetch error: 403
Fetch failed from https://rsshub.app/juejin/posts/1838039172387262
append_entries: 0
error when rendering xml, skip docs/juejinzhuanlan
------------------------------------------------------
Started: 2026-07-24 13:13:26.751301
Existing_entries: 0
Fetching from https://rsshub.app/juejin/posts/1838039172387262
Fetch error: 403
Fetch failed from https://rsshub.app/juejin/posts/1838039172387262
append_entries: 0
error when rendering xml, skip docs/juejinzhuanlan
------------------------------------------------------
Started: 2026-07-24 15:19:38.121984
Existing_entries: 0
Fetching from https://rsshub.app/juejin/posts/1838039172387262
Fetch error: 403
Fetch failed from https://rsshub.app/juejin/posts/1838039172387262
append_entries: 0
error when rendering xml, skip docs/juejinzhuanlan
------------------------------------------------------
Started: 2026-07-24 17:18:27.426264
Existing_entries: 0
Fetching from https://rsshub.app/juejin/posts/1838039172387262
Fetch error: 403
Fetch failed from https://rsshub.app/juejin/posts/1838039172387262
append_entries: 0
error when rendering xml, skip docs/juejinzhuanlan
------------------------------------------------------
Started: 2026-07-24 19:08:10.041012
Existing_entries: 0
Fetching from https://rsshub.app/juejin/posts/1838039172387262
Fetch error: 403
Fetch failed from https://rsshub.app/juejin/posts/1838039172387262
append_entries: 0
error when rendering xml, skip docs/juejinzhuanlan
------------------------------------------------------
Started: 2026-07-24 20:53:25.657297
Existing_entries: 0
Fetching from https://rsshub.app/juejin/posts/1838039172387262
Fetch error: 403
Fetch failed from https://rsshub.app/juejin/posts/1838039172387262
append_entries: 0
error when rendering xml, skip docs/juejinzhuanlan
------------------------------------------------------
Started: 2026-07-24 22:50:17.510797
Existing_entries: 0
Fetching from https://rsshub.app/juejin/posts/1838039172387262
Fetch error: 403
Fetch failed from https://rsshub.app/juejin/posts/1838039172387262
append_entries: 0
error when rendering xml, skip docs/juejinzhuanlan
------------------------------------------------------
Started: 2026-07-25 01:24:01.664503
Existing_entries: 0
Fetching from https://rsshub.app/juejin/posts/1838039172387262
Fetch error: 403
Fetch failed from https://rsshub.app/juejin/posts/1838039172387262
append_entries: 0
error when rendering xml, skip docs/juejinzhuanlan
------------------------------------------------------
Started: 2026-07-25 04:54:02.404724
Existing_entries: 0
Fetching from https://rsshub.app/juejin/posts/1838039172387262
Fetch error: 403
Fetch failed from https://rsshub.app/juejin/posts/1838039172387262
append_entries: 0
error when rendering xml, skip docs/juejinzhuanlan
------------------------------------------------------
Started: 2026-07-25 07:47:41.511060
Existing_entries: 0
Fetching from https://rsshub.app/juejin/posts/1838039172387262
Fetch error: 403
Fetch failed from https://rsshub.app/juejin/posts/1838039172387262
append_entries: 0
error when rendering xml, skip docs/juejinzhuanlan
------------------------------------------------------
Started: 2026-07-25 09:24:41.814504
Existing_entries: 0
Fetching from https://rsshub.app/juejin/posts/1838039172387262
Fetch error: 403
Fetch failed from https://rsshub.app/juejin/posts/1838039172387262
append_entries: 0
error when rendering xml, skip docs/juejinzhuanlan
------------------------------------------------------
Started: 2026-07-25 11:00:12.895389
Existing_entries: 0
Fetching from https://rsshub.app/juejin/posts/1838039172387262
Fetch error: 403
Fetch failed from https://rsshub.app/juejin/posts/1838039172387262
append_entries: 0
error when rendering xml, skip docs/juejinzhuanlan
------------------------------------------------------
Started: 2026-07-25 12:54:53.228888
Existing_entries: 0
Fetching from https://rsshub.app/juejin/posts/1838039172387262
Fetch error: 403
Fetch failed from https://rsshub.app/juejin/posts/1838039172387262
append_entries: 0
error when rendering xml, skip docs/juejinzhuanlan
------------------------------------------------------
Started: 2026-07-25 14:54:00.240933
Existing_entries: 0
Fetching from https://rsshub.app/juejin/posts/1838039172387262
Fetch error: 403
Fetch failed from https://rsshub.app/juejin/posts/1838039172387262
append_entries: 0
error when rendering xml, skip docs/juejinzhuanlan
------------------------------------------------------
Started: 2026-07-25 16:42:42.042946
Existing_entries: 0
Fetching from https://rsshub.app/juejin/posts/1838039172387262
Fetch error: 403
Fetch failed from https://rsshub.app/juejin/posts/1838039172387262
append_entries: 0
error when rendering xml, skip docs/juejinzhuanlan
------------------------------------------------------
Started: 2026-07-25 18:46:04.746656
Existing_entries: 0
Fetching from https://rsshub.app/juejin/posts/1838039172387262
Fetch error: 403
Fetch failed from https://rsshub.app/juejin/posts/1838039172387262
append_entries: 0
error when rendering xml, skip docs/juejinzhuanlan
------------------------------------------------------
Started: 2026-07-25 20:38:23.142548
Existing_entries: 0
Fetching from https://rsshub.app/juejin/posts/1838039172387262
Fetch error: 403
Fetch failed from https://rsshub.app/juejin/posts/1838039172387262
append_entries: 0
error when rendering xml, skip docs/juejinzhuanlan
------------------------------------------------------
Started: 2026-07-25 22:41:36.521305
Existing_entries: 0
Fetching from https://rsshub.app/juejin/posts/1838039172387262
Fetch error: 403
Fetch failed from https://rsshub.app/juejin/posts/1838039172387262
append_entries: 0
error when rendering xml, skip docs/juejinzhuanlan
------------------------------------------------------
Started: 2026-07-26 01:27:00.440452
Existing_entries: 0
Fetching from https://rsshub.app/juejin/posts/1838039172387262
Fetch error: 403
Fetch failed from https://rsshub.app/juejin/posts/1838039172387262
append_entries: 0
error when rendering xml, skip docs/juejinzhuanlan
------------------------------------------------------
Started: 2026-07-26 05:18:46.305177
Existing_entries: 0
Fetching from https://rsshub.app/juejin/posts/1838039172387262
Fetch error: 403
Fetch failed from https://rsshub.app/juejin/posts/1838039172387262
append_entries: 0
error when rendering xml, skip docs/juejinzhuanlan
------------------------------------------------------
Started: 2026-07-26 08:03:56.728386
Existing_entries: 0
Fetching from https://rsshub.app/juejin/posts/1838039172387262
Fetch error: 403
Fetch failed from https://rsshub.app/juejin/posts/1838039172387262
append_entries: 0
error when rendering xml, skip docs/juejinzhuanlan
------------------------------------------------------
Started: 2026-07-26 11:12:39.497896
Existing_entries: 0
Fetching from https://rsshub.app/juejin/posts/1838039172387262
Fetch error: 403
Fetch failed from https://rsshub.app/juejin/posts/1838039172387262
append_entries: 0
error when rendering xml, skip docs/juejinzhuanlan
------------------------------------------------------
Started: 2026-07-26 12:53:04.198006
Existing_entries: 0
Fetching from https://rsshub.app/juejin/posts/1838039172387262
Fetch error: 403
Fetch failed from https://rsshub.app/juejin/posts/1838039172387262
append_entries: 0
error when rendering xml, skip docs/juejinzhuanlan
------------------------------------------------------
Started: 2026-07-26 14:55:33.339436
Existing_entries: 0
Fetching from https://rsshub.app/juejin/posts/1838039172387262
Fetch error: 403
Fetch failed from https://rsshub.app/juejin/posts/1838039172387262
append_entries: 0
error when rendering xml, skip docs/juejinzhuanlan
------------------------------------------------------
Started: 2026-07-26 16:43:32.266680
Existing_entries: 0
Fetching from https://rsshub.app/juejin/posts/1838039172387262
Fetch error: 403
Fetch failed from https://rsshub.app/juejin/posts/1838039172387262
append_entries: 0
error when rendering xml, skip docs/juejinzhuanlan
------------------------------------------------------
Started: 2026-07-26 18:52:10.987351
Existing_entries: 0
Fetching from https://rsshub.app/juejin/posts/1838039172387262
Fetch error: 403
Fetch failed from https://rsshub.app/juejin/posts/1838039172387262
append_entries: 0
error when rendering xml, skip docs/juejinzhuanlan
------------------------------------------------------
Started: 2026-07-26 20:43:24.622153
Existing_entries: 0
Fetching from https://rsshub.app/juejin/posts/1838039172387262
Fetch error: 403
Fetch failed from https://rsshub.app/juejin/posts/1838039172387262
append_entries: 0
error when rendering xml, skip docs/juejinzhuanlan
------------------------------------------------------
Started: 2026-07-26 22:46:09.077818
Existing_entries: 0
Fetching from https://rsshub.app/juejin/posts/1838039172387262
Fetch error: 403
Fetch failed from https://rsshub.app/juejin/posts/1838039172387262
append_entries: 0
error when rendering xml, skip docs/juejinzhuanlan
------------------------------------------------------
Started: 2026-07-27 01:31:43.589409
Existing_entries: 0
Fetching from https://rsshub.app/juejin/posts/1838039172387262
Fetch error: 403
Fetch failed from https://rsshub.app/juejin/posts/1838039172387262
append_entries: 0
error when rendering xml, skip docs/juejinzhuanlan
------------------------------------------------------
Started: 2026-07-27 05:36:56.834641
Existing_entries: 0
Fetching from https://rsshub.app/juejin/posts/1838039172387262
Fetch error: 403
Fetch failed from https://rsshub.app/juejin/posts/1838039172387262
append_entries: 0
error when rendering xml, skip docs/juejinzhuanlan
------------------------------------------------------
Started: 2026-07-27 09:23:00.304309
Existing_entries: 0
Fetching from https://rsshub.app/juejin/posts/1838039172387262
Fetch error: 403
Fetch failed from https://rsshub.app/juejin/posts/1838039172387262
append_entries: 0
error when rendering xml, skip docs/juejinzhuanlan
------------------------------------------------------
Started: 2026-07-27 12:48:11.652357
Existing_entries: 0
Fetching from https://rsshub.app/juejin/posts/1838039172387262
Fetch error: 403
Fetch failed from https://rsshub.app/juejin/posts/1838039172387262
append_entries: 0
error when rendering xml, skip docs/juejinzhuanlan
------------------------------------------------------
Started: 2026-07-27 16:06:24.674656
Existing_entries: 0
Fetching from https://rsshub.app/juejin/posts/1838039172387262
Fetch error: 403
Fetch failed from https://rsshub.app/juejin/posts/1838039172387262
append_entries: 0
error when rendering xml, skip docs/juejinzhuanlan
------------------------------------------------------
Started: 2026-07-27 19:07:15.287203
Existing_entries: 0
Fetching from https://rsshub.app/juejin/posts/1838039172387262
Fetch error: 403
Fetch failed from https://rsshub.app/juejin/posts/1838039172387262
append_entries: 0
error when rendering xml, skip docs/juejinzhuanlan
------------------------------------------------------
Started: 2026-07-27 20:59:00.352194
Existing_entries: 0
Fetching from https://rsshub.app/juejin/posts/1838039172387262
Fetch error: 403
Fetch failed from https://rsshub.app/juejin/posts/1838039172387262
append_entries: 0
error when rendering xml, skip docs/juejinzhuanlan
------------------------------------------------------
Started: 2026-07-27 22:47:53.829976
Existing_entries: 0
Fetching from https://rsshub.app/juejin/posts/1838039172387262
Fetch error: 403
Fetch failed from https://rsshub.app/juejin/posts/1838039172387262
append_entries: 0
error when rendering xml, skip docs/juejinzhuanlan
------------------------------------------------------
Started: 2026-07-28 01:18:57.656828
Existing_entries: 0
Fetching from https://rsshub.app/juejin/posts/1838039172387262
Fetch error: 403
Fetch failed from https://rsshub.app/juejin/posts/1838039172387262
append_entries: 0
error when rendering xml, skip docs/juejinzhuanlan
------------------------------------------------------
Started: 2026-07-28 04:51:55.467901
Existing_entries: 0
Fetching from https://rsshub.app/juejin/posts/1838039172387262
Fetch error: 403
Fetch failed from https://rsshub.app/juejin/posts/1838039172387262
append_entries: 0
error when rendering xml, skip docs/juejinzhuanlan
------------------------------------------------------
Started: 2026-07-28 08:11:01.209645
Existing_entries: 0
Fetching from https://rsshub.app/juejin/posts/1838039172387262
Fetch error: 403
Fetch failed from https://rsshub.app/juejin/posts/1838039172387262
append_entries: 0
error when rendering xml, skip docs/juejinzhuanlan
------------------------------------------------------
Started: 2026-07-28 11:49:51.324051
Existing_entries: 0
Fetching from https://rsshub.app/juejin/posts/1838039172387262
Fetch error: 403
Fetch failed from https://rsshub.app/juejin/posts/1838039172387262
append_entries: 0
error when rendering xml, skip docs/juejinzhuanlan
------------------------------------------------------
Started: 2026-07-28 13:25:41.897971
Existing_entries: 0
Fetching from https://rsshub.app/juejin/posts/1838039172387262
Fetch error: 403
Fetch failed from https://rsshub.app/juejin/posts/1838039172387262
append_entries: 0
error when rendering xml, skip docs/juejinzhuanlan
------------------------------------------------------
Started: 2026-07-28 15:57:29.299040
Existing_entries: 0
Fetching from https://rsshub.app/juejin/posts/1838039172387262
Fetch error: 403
Fetch failed from https://rsshub.app/juejin/posts/1838039172387262
append_entries: 0
error when rendering xml, skip docs/juejinzhuanlan
------------------------------------------------------
Started: 2026-07-28 17:19:56.981362
Existing_entries: 0
Fetching from https://rsshub.app/juejin/posts/1838039172387262
Fetch error: 403
Fetch failed from https://rsshub.app/juejin/posts/1838039172387262
append_entries: 0
error when rendering xml, skip docs/juejinzhuanlan
------------------------------------------------------
Started: 2026-07-28 19:03:33.668335
Existing_entries: 0
Fetching from https://rsshub.app/juejin/posts/1838039172387262
Fetch error: 403
Fetch failed from https://rsshub.app/juejin/posts/1838039172387262
append_entries: 0
error when rendering xml, skip docs/juejinzhuanlan
------------------------------------------------------
Started: 2026-07-28 20:55:52.232656
Existing_entries: 0
Fetching from https://rsshub.app/juejin/posts/1838039172387262
Fetch error: 403
Fetch failed from https://rsshub.app/juejin/posts/1838039172387262
append_entries: 0
error when rendering xml, skip docs/juejinzhuanlan
------------------------------------------------------
Started: 2026-07-28 22:48:20.973248
Existing_entries: 0
Fetching from https://rsshub.app/juejin/posts/1838039172387262
Fetch error: 403
Fetch failed from https://rsshub.app/juejin/posts/1838039172387262
append_entries: 0
error when rendering xml, skip docs/juejinzhuanlan
------------------------------------------------------
Started: 2026-07-29 01:21:00.695654
Existing_entries: 0
Fetching from https://rsshub.app/juejin/posts/1838039172387262
Fetch error: 403
Fetch failed from https://rsshub.app/juejin/posts/1838039172387262
append_entries: 0
error when rendering xml, skip docs/juejinzhuanlan
------------------------------------------------------
Started: 2026-07-29 04:56:53.810321
Existing_entries: 0
Fetching from https://rsshub.app/juejin/posts/1838039172387262
Fetch error: 403
Fetch failed from https://rsshub.app/juejin/posts/1838039172387262
append_entries: 0
error when rendering xml, skip docs/juejinzhuanlan
------------------------------------------------------
Started: 2026-07-29 08:14:37.172650
Existing_entries: 0
Fetching from https://rsshub.app/juejin/posts/1838039172387262
Fetch error: 403
Fetch failed from https://rsshub.app/juejin/posts/1838039172387262
append_entries: 0
error when rendering xml, skip docs/juejinzhuanlan
------------------------------------------------------
Started: 2026-07-29 11:52:15.027701
Existing_entries: 0
Fetching from https://rsshub.app/juejin/posts/1838039172387262
Fetch error: 403
Fetch failed from https://rsshub.app/juejin/posts/1838039172387262
append_entries: 0
error when rendering xml, skip docs/juejinzhuanlan
------------------------------------------------------
Started: 2026-07-29 13:40:10.518577
Existing_entries: 0
Fetching from https://rsshub.app/juejin/posts/1838039172387262
Fetch error: 403
Fetch failed from https://rsshub.app/juejin/posts/1838039172387262
append_entries: 0
error when rendering xml, skip docs/juejinzhuanlan
------------------------------------------------------
Started: 2026-07-29 15:42:43.854504
Existing_entries: 0
Fetching from https://rsshub.app/juejin/posts/1838039172387262
Fetch error: 403
Fetch failed from https://rsshub.app/juejin/posts/1838039172387262
append_entries: 0
error when rendering xml, skip docs/juejinzhuanlan
------------------------------------------------------
Started: 2026-07-29 17:01:32.568214
Existing_entries: 0
Fetching from https://rsshub.app/juejin/posts/1838039172387262
Fetch error: 403
Fetch failed from https://rsshub.app/juejin/posts/1838039172387262
append_entries: 0
error when rendering xml, skip docs/juejinzhuanlan
------------------------------------------------------
Started: 2026-07-29 18:49:53.468999
Existing_entries: 0
Fetching from https://rsshub.app/juejin/posts/1838039172387262
Fetch error: 403
Fetch failed from https://rsshub.app/juejin/posts/1838039172387262
append_entries: 0
error when rendering xml, skip docs/juejinzhuanlan
------------------------------------------------------
Started: 2026-07-29 20:41:22.637752
Existing_entries: 0
Fetching from https://rsshub.app/juejin/posts/1838039172387262
Fetch error: 403
Fetch failed from https://rsshub.app/juejin/posts/1838039172387262
append_entries: 0
error when rendering xml, skip docs/juejinzhuanlan
------------------------------------------------------
Started: 2026-07-29 22:45:14.636088
Existing_entries: 0
Fetching from https://rsshub.app/juejin/posts/1838039172387262
Fetch error: 403
Fetch failed from https://rsshub.app/juejin/posts/1838039172387262
append_entries: 0
error when rendering xml, skip docs/juejinzhuanlan
------------------------------------------------------
Started: 2026-07-30 01:13:42.089831
Existing_entries: 0
Fetching from https://rsshub.app/juejin/posts/1838039172387262
Fetch error: 403
Fetch failed from https://rsshub.app/juejin/posts/1838039172387262
append_entries: 0
error when rendering xml, skip docs/juejinzhuanlan
------------------------------------------------------
Started: 2026-07-30 04:44:29.465134
Existing_entries: 0
Fetching from https://rsshub.app/juejin/posts/1838039172387262
Fetch error: 403
Fetch failed from https://rsshub.app/juejin/posts/1838039172387262
append_entries: 0
error when rendering xml, skip docs/juejinzhuanlan
------------------------------------------------------
Started: 2026-07-30 08:02:59.192683
Existing_entries: 0
Fetching from https://rsshub.app/juejin/posts/1838039172387262
Fetch error: 403
Fetch failed from https://rsshub.app/juejin/posts/1838039172387262
append_entries: 0
error when rendering xml, skip docs/juejinzhuanlan
------------------------------------------------------
Started: 2026-07-30 11:44:00.032892
Existing_entries: 0
Fetching from https://rsshub.app/juejin/posts/1838039172387262
Fetch error: 403
Fetch failed from https://rsshub.app/juejin/posts/1838039172387262
append_entries: 0
error when rendering xml, skip docs/juejinzhuanlan
------------------------------------------------------
Started: 2026-07-30 13:21:33.955053
Existing_entries: 0
Fetching from https://rsshub.app/juejin/posts/1838039172387262
Fetch error: 403
Fetch failed from https://rsshub.app/juejin/posts/1838039172387262
append_entries: 0
error when rendering xml, skip docs/juejinzhuanlan
------------------------------------------------------
Started: 2026-07-30 15:44:40.859146
Existing_entries: 0
Fetching from https://rsshub.app/juejin/posts/1838039172387262
Fetch error: 403
Fetch failed from https://rsshub.app/juejin/posts/1838039172387262
append_entries: 0
error when rendering xml, skip docs/juejinzhuanlan
------------------------------------------------------
Started: 2026-07-30 17:12:24.396678
Existing_entries: 0
Fetching from https://rsshub.app/juejin/posts/1838039172387262
Fetch error: 403
Fetch failed from https://rsshub.app/juejin/posts/1838039172387262
append_entries: 0
error when rendering xml, skip docs/juejinzhuanlan
------------------------------------------------------
Started: 2026-07-30 19:05:53.784188
Existing_entries: 0
Fetching from https://rsshub.app/juejin/posts/1838039172387262
Fetch error: 403
Fetch failed from https://rsshub.app/juejin/posts/1838039172387262
append_entries: 0
error when rendering xml, skip docs/juejinzhuanlan
------------------------------------------------------
Started: 2026-07-30 20:52:54.572781
Existing_entries: 0
Fetching from https://rsshub.app/juejin/posts/1838039172387262
Fetch error: 403
Fetch failed from https://rsshub.app/juejin/posts/1838039172387262
append_entries: 0
error when rendering xml, skip docs/juejinzhuanlan
------------------------------------------------------
Started: 2026-07-30 22:54:12.913392
Existing_entries: 0
Fetching from https://rsshub.app/juejin/posts/1838039172387262
Fetch error: 403
Fetch failed from https://rsshub.app/juejin/posts/1838039172387262
append_entries: 0
error when rendering xml, skip docs/juejinzhuanlan
------------------------------------------------------
Started: 2026-07-31 01:27:08.573590
Existing_entries: 0
Fetching from https://rsshub.app/juejin/posts/1838039172387262
Fetch error: 403
Fetch failed from https://rsshub.app/juejin/posts/1838039172387262
append_entries: 0
error when rendering xml, skip docs/juejinzhuanlan
------------------------------------------------------
Started: 2026-07-31 05:21:38.692113
Existing_entries: 0
Fetching from https://rsshub.app/juejin/posts/1838039172387262
Fetch error: 403
Fetch failed from https://rsshub.app/juejin/posts/1838039172387262
append_entries: 0
error when rendering xml, skip docs/juejinzhuanlan
------------------------------------------------------
Started: 2026-07-31 08:28:25.789059
Existing_entries: 0
Fetching from https://rsshub.app/juejin/posts/1838039172387262
Fetch error: 403
Fetch failed from https://rsshub.app/juejin/posts/1838039172387262
append_entries: 0
error when rendering xml, skip docs/juejinzhuanlan
------------------------------------------------------
Started: 2026-07-31 11:50:53.100376
Existing_entries: 0
Fetching from https://rsshub.app/juejin/posts/1838039172387262
Fetch error: 403
Fetch failed from https://rsshub.app/juejin/posts/1838039172387262
append_entries: 0
error when rendering xml, skip docs/juejinzhuanlan
------------------------------------------------------
Started: 2026-07-31 13:25:26.290366
Existing_entries: 0
Fetching from https://rsshub.app/juejin/posts/1838039172387262
Fetch error: 403
Fetch failed from https://rsshub.app/juejin/posts/1838039172387262
append_entries: 0
error when rendering xml, skip docs/juejinzhuanlan
------------------------------------------------------
Started: 2026-07-31 15:51:48.143212
Existing_entries: 0
Fetching from https://rsshub.app/juejin/posts/1838039172387262
Fetch error: 403
Fetch failed from https://rsshub.app/juejin/posts/1838039172387262
append_entries: 0
error when rendering xml, skip docs/juejinzhuanlan
------------------------------------------------------
Started: 2026-07-31 17:16:56.321282
Existing_entries: 0
Fetching from https://rsshub.app/juejin/posts/1838039172387262
Fetch error: 403
Fetch failed from https://rsshub.app/juejin/posts/1838039172387262
append_entries: 0
error when rendering xml, skip docs/juejinzhuanlan
------------------------------------------------------
Started: 2026-07-31 19:03:24.923821
Existing_entries: 0
Fetching from https://rsshub.app/juejin/posts/1838039172387262
Fetch error: 403
Fetch failed from https://rsshub.app/juejin/posts/1838039172387262
append_entries: 0
error when rendering xml, skip docs/juejinzhuanlan
------------------------------------------------------
Started: 2026-07-31 20:50:11.872421
Existing_entries: 0
Fetching from https://rsshub.app/juejin/posts/1838039172387262
Fetch error: 403
Fetch failed from https://rsshub.app/juejin/posts/1838039172387262
append_entries: 0
error when rendering xml, skip docs/juejinzhuanlan
------------------------------------------------------
Started: 2026-07-31 22:47:58.042661
Existing_entries: 0
Fetching from https://rsshub.app/juejin/posts/1838039172387262
Fetch error: 403
Fetch failed from https://rsshub.app/juejin/posts/1838039172387262
append_entries: 0
error when rendering xml, skip docs/juejinzhuanlan
------------------------------------------------------
Started: 2026-08-01 01:28:24.084968
Existing_entries: 0
Fetching from https://rsshub.app/juejin/posts/1838039172387262
Fetch error: 403
Fetch failed from https://rsshub.app/juejin/posts/1838039172387262
append_entries: 0
error when rendering xml, skip docs/juejinzhuanlan
------------------------------------------------------
Started: 2026-08-01 05:14:22.097769
Existing_entries: 0
Fetching from https://rsshub.app/juejin/posts/1838039172387262
Fetch error: 403
Fetch failed from https://rsshub.app/juejin/posts/1838039172387262
append_entries: 0
error when rendering xml, skip docs/juejinzhuanlan
------------------------------------------------------
Started: 2026-08-01 07:58:21.568815
Existing_entries: 0
Fetching from https://rsshub.app/juejin/posts/1838039172387262
Fetch error: 403
Fetch failed from https://rsshub.app/juejin/posts/1838039172387262
append_entries: 0
error when rendering xml, skip docs/juejinzhuanlan
------------------------------------------------------
Started: 2026-08-01 09:53:43.593122
Existing_entries: 0
Fetching from https://rsshub.app/juejin/posts/1838039172387262
Fetch error: 403
Fetch failed from https://rsshub.app/juejin/posts/1838039172387262
append_entries: 0
error when rendering xml, skip docs/juejinzhuanlan
------------------------------------------------------
Started: 2026-08-01 11:09:08.010719
Existing_entries: 0
Fetching from https://rsshub.app/juejin/posts/1838039172387262
Fetch error: 403
Fetch failed from https://rsshub.app/juejin/posts/1838039172387262
append_entries: 0
error when rendering xml, skip docs/juejinzhuanlan
------------------------------------------------------
Started: 2026-08-01 12:50:01.647769
Existing_entries: 0
Fetching from https://rsshub.app/juejin/posts/1838039172387262
Fetch error: 403
Fetch failed from https://rsshub.app/juejin/posts/1838039172387262
append_entries: 0
error when rendering xml, skip docs/juejinzhuanlan
------------------------------------------------------
Started: 2026-08-01 14:50:55.644420
Existing_entries: 0
Fetching from https://rsshub.app/juejin/posts/1838039172387262
Fetch error: 403
Fetch failed from https://rsshub.app/juejin/posts/1838039172387262
append_entries: 0
error when rendering xml, skip docs/juejinzhuanlan
------------------------------------------------------
Started: 2026-08-01 16:44:22.121395
Existing_entries: 0
Fetching from https://rsshub.app/juejin/posts/1838039172387262
Fetch error: 403
Fetch failed from https://rsshub.app/juejin/posts/1838039172387262
append_entries: 0
error when rendering xml, skip docs/juejinzhuanlan
------------------------------------------------------
Started: 2026-08-01 18:49:17.046660
Existing_entries: 0
Fetching from https://rsshub.app/juejin/posts/1838039172387262
Fetch error: 403
Fetch failed from https://rsshub.app/juejin/posts/1838039172387262
append_entries: 0
error when rendering xml, skip docs/juejinzhuanlan
------------------------------------------------------
Started: 2026-08-01 20:38:24.971819
Existing_entries: 0
Fetching from https://rsshub.app/juejin/posts/1838039172387262
Fetch error: 403
Fetch failed from https://rsshub.app/juejin/posts/1838039172387262
append_entries: 0
error when rendering xml, skip docs/juejinzhuanlan
------------------------------------------------------
Started: 2026-08-01 22:42:14.876480
Existing_entries: 0
Fetching from https://rsshub.app/juejin/posts/1838039172387262
Fetch error: 403
Fetch failed from https://rsshub.app/juejin/posts/1838039172387262
append_entries: 0
error when rendering xml, skip docs/juejinzhuanlan
------------------------------------------------------
Started: 2026-08-02 01:26:00.603478
Existing_entries: 0
Fetching from https://rsshub.app/juejin/posts/1838039172387262
Fetch error: 403
Fetch failed from https://rsshub.app/juejin/posts/1838039172387262
append_entries: 0
error when rendering xml, skip docs/juejinzhuanlan
------------------------------------------------------
Started: 2026-08-02 05:13:43.640297
Existing_entries: 0
Fetching from https://rsshub.app/juejin/posts/1838039172387262
Fetch error: 403
Fetch failed from https://rsshub.app/juejin/posts/1838039172387262
append_entries: 0
error when rendering xml, skip docs/juejinzhuanlan
------------------------------------------------------
Started: 2026-08-02 08:00:04.676811
Existing_entries: 0
Fetching from https://rsshub.app/juejin/posts/1838039172387262
Fetch error: 403
Fetch failed from https://rsshub.app/juejin/posts/1838039172387262
append_entries: 0
error when rendering xml, skip docs/juejinzhuanlan
------------------------------------------------------
Started: 2026-08-02 09:56:28.646675
Existing_entries: 0
Fetching from https://rsshub.app/juejin/posts/1838039172387262
Fetch error: 403
Fetch failed from https://rsshub.app/juejin/posts/1838039172387262
append_entries: 0
error when rendering xml, skip docs/juejinzhuanlan
------------------------------------------------------
Started: 2026-08-02 11:10:29.561795
Existing_entries: 0
Fetching from https://rsshub.app/juejin/posts/1838039172387262
Fetch error: 403
Fetch failed from https://rsshub.app/juejin/posts/1838039172387262
append_entries: 0
error when rendering xml, skip docs/juejinzhuanlan
------------------------------------------------------
Started: 2026-08-02 12:52:00.571456
Existing_entries: 0
Fetching from https://rsshub.app/juejin/posts/1838039172387262
Fetch error: 403
Fetch failed from https://rsshub.app/juejin/posts/1838039172387262
append_entries: 0
error when rendering xml, skip docs/juejinzhuanlan
------------------------------------------------------
Started: 2026-08-02 14:52:49.117914
Existing_entries: 0
Fetching from https://rsshub.app/juejin/posts/1838039172387262
Fetch error: 403
Fetch failed from https://rsshub.app/juejin/posts/1838039172387262
append_entries: 0
error when rendering xml, skip docs/juejinzhuanlan
------------------------------------------------------
Started: 2026-08-02 16:43:20.927246
Existing_entries: 0
Fetching from https://rsshub.app/juejin/posts/1838039172387262
Fetch error: 403
Fetch failed from https://rsshub.app/juejin/posts/1838039172387262
append_entries: 0
error when rendering xml, skip docs/juejinzhuanlan
------------------------------------------------------
Started: 2026-08-02 18:50:15.670531
Existing_entries: 0
Fetching from https://rsshub.app/juejin/posts/1838039172387262
Fetch error: 403
Fetch failed from https://rsshub.app/juejin/posts/1838039172387262
append_entries: 0
error when rendering xml, skip docs/juejinzhuanlan
------------------------------------------------------
Started: 2026-08-02 20:40:44.108654
Existing_entries: 0
Fetching from https://rsshub.app/juejin/posts/1838039172387262
Fetch error: 403
Fetch failed from https://rsshub.app/juejin/posts/1838039172387262
append_entries: 0
error when rendering xml, skip docs/juejinzhuanlan
------------------------------------------------------
Started: 2026-08-02 22:42:57.773098
Existing_entries: 0
Fetching from https://rsshub.app/juejin/posts/1838039172387262
Fetch error: 403
Fetch failed from https://rsshub.app/juejin/posts/1838039172387262
append_entries: 0
error when rendering xml, skip docs/juejinzhuanlan
------------------------------------------------------
Started: 2026-08-03 01:26:23.524013
Existing_entries: 0
Fetching from https://rsshub.app/juejin/posts/1838039172387262
Fetch error: 403
Fetch failed from https://rsshub.app/juejin/posts/1838039172387262
append_entries: 0
error when rendering xml, skip docs/juejinzhuanlan
------------------------------------------------------
Started: 2026-08-03 05:26:48.797384
Existing_entries: 0
Fetching from https://rsshub.app/juejin/posts/1838039172387262
Fetch error: 403
Fetch failed from https://rsshub.app/juejin/posts/1838039172387262
append_entries: 0
error when rendering xml, skip docs/juejinzhuanlan
------------------------------------------------------
Started: 2026-08-03 08:57:19.210049
Existing_entries: 0
Fetching from https://rsshub.app/juejin/posts/1838039172387262
Fetch error: 403
Fetch failed from https://rsshub.app/juejin/posts/1838039172387262
append_entries: 0
error when rendering xml, skip docs/juejinzhuanlan
------------------------------------------------------
Started: 2026-08-03 12:47:41.398336
Existing_entries: 0
Fetching from https://rsshub.app/juejin/posts/1838039172387262
Fetch error: 403
Fetch failed from https://rsshub.app/juejin/posts/1838039172387262
append_entries: 0
error when rendering xml, skip docs/juejinzhuanlan
------------------------------------------------------
Started: 2026-08-03 16:12:40.442978
Existing_entries: 0
Fetching from https://rsshub.app/juejin/posts/1838039172387262
Fetch error: 403
Fetch failed from https://rsshub.app/juejin/posts/1838039172387262
append_entries: 0
error when rendering xml, skip docs/juejinzhuanlan
------------------------------------------------------
Started: 2026-08-03 19:14:40.188334
Existing_entries: 0
Fetching from https://rsshub.app/juejin/posts/1838039172387262
Fetch error: 403
Fetch failed from https://rsshub.app/juejin/posts/1838039172387262
append_entries: 0
error when rendering xml, skip docs/juejinzhuanlan
------------------------------------------------------
Started: 2026-08-03 20:51:51.400333
Existing_entries: 0
Fetching from https://rsshub.app/juejin/posts/1838039172387262
Fetch error: 403
Fetch failed from https://rsshub.app/juejin/posts/1838039172387262
append_entries: 0
error when rendering xml, skip docs/juejinzhuanlan
------------------------------------------------------
Started: 2026-08-03 22:48:27.743809
Existing_entries: 0
Fetching from https://rsshub.app/juejin/posts/1838039172387262
Fetch error: 403
Fetch failed from https://rsshub.app/juejin/posts/1838039172387262
append_entries: 0
error when rendering xml, skip docs/juejinzhuanlan
------------------------------------------------------
Started: 2026-08-04 01:16:17.085831
Existing_entries: 0
Fetching from https://rsshub.app/juejin/posts/1838039172387262
Fetch error: 403
Fetch failed from https://rsshub.app/juejin/posts/1838039172387262
append_entries: 0
error when rendering xml, skip docs/juejinzhuanlan
------------------------------------------------------
Started: 2026-08-04 04:52:09.554822
Existing_entries: 0
Fetching from https://rsshub.app/juejin/posts/1838039172387262
Fetch error: 403
Fetch failed from https://rsshub.app/juejin/posts/1838039172387262
append_entries: 0
error when rendering xml, skip docs/juejinzhuanlan
------------------------------------------------------
Started: 2026-08-04 08:13:29.380358
Existing_entries: 0
Fetching from https://rsshub.app/juejin/posts/1838039172387262
Fetch error: 403
Fetch failed from https://rsshub.app/juejin/posts/1838039172387262
append_entries: 0
error when rendering xml, skip docs/juejinzhuanlan
------------------------------------------------------
Started: 2026-08-04 11:53:16.600326
Existing_entries: 0
Fetching from https://rsshub.app/juejin/posts/1838039172387262
Fetch error: 403
Fetch failed from https://rsshub.app/juejin/posts/1838039172387262
append_entries: 0
error when rendering xml, skip docs/juejinzhuanlan
------------------------------------------------------
Started: 2026-08-04 13:40:11.183715
Existing_entries: 0
Fetching from https://rsshub.app/juejin/posts/1838039172387262
Fetch error: 403
Fetch failed from https://rsshub.app/juejin/posts/1838039172387262
append_entries: 0
error when rendering xml, skip docs/juejinzhuanlan
------------------------------------------------------
Started: 2026-08-04 16:04:12.367675
Existing_entries: 0
Fetching from https://rsshub.app/juejin/posts/1838039172387262
Fetch error: 403
Fetch failed from https://rsshub.app/juejin/posts/1838039172387262
append_entries: 0
error when rendering xml, skip docs/juejinzhuanlan
------------------------------------------------------
Started: 2026-08-04 19:15:49.569824
Existing_entries: 0
Fetching from https://rsshub.app/juejin/posts/1838039172387262
Fetch error: 403
Fetch failed from https://rsshub.app/juejin/posts/1838039172387262
append_entries: 0
error when rendering xml, skip docs/juejinzhuanlan
------------------------------------------------------
Started: 2026-08-04 20:59:44.639516
Existing_entries: 0
Fetching from https://rsshub.app/juejin/posts/1838039172387262
Fetch error: 403
Fetch failed from https://rsshub.app/juejin/posts/1838039172387262
append_entries: 0
error when rendering xml, skip docs/juejinzhuanlan
------------------------------------------------------
Started: 2026-08-04 22:50:41.594290
Existing_entries: 0
Fetching from https://rsshub.app/juejin/posts/1838039172387262
Fetch error: 403
Fetch failed from https://rsshub.app/juejin/posts/1838039172387262
append_entries: 0
error when rendering xml, skip docs/juejinzhuanlan
------------------------------------------------------
Started: 2026-08-05 01:19:55.117878
Existing_entries: 0
Fetching from https://rsshub.app/juejin/posts/1838039172387262
Fetch error: 403
Fetch failed from https://rsshub.app/juejin/posts/1838039172387262
append_entries: 0
error when rendering xml, skip docs/juejinzhuanlan
------------------------------------------------------
Started: 2026-08-05 04:52:12.852682
Existing_entries: 0
Fetching from https://rsshub.app/juejin/posts/1838039172387262
Fetch error: 403
Fetch failed from https://rsshub.app/juejin/posts/1838039172387262
append_entries: 0
error when rendering xml, skip docs/juejinzhuanlan
------------------------------------------------------
Started: 2026-08-05 08:12:04.550618
Existing_entries: 0
Fetching from https://rsshub.app/juejin/posts/1838039172387262
Fetch error: 403
Fetch failed from https://rsshub.app/juejin/posts/1838039172387262
append_entries: 0
error when rendering xml, skip docs/juejinzhuanlan
------------------------------------------------------
Started: 2026-08-05 11:49:40.665724
Existing_entries: 0
Fetching from https://rsshub.app/juejin/posts/1838039172387262
Fetch error: 403
Fetch failed from https://rsshub.app/juejin/posts/1838039172387262
append_entries: 0
error when rendering xml, skip docs/juejinzhuanlan
------------------------------------------------------
Started: 2026-08-05 13:29:56.063017
Existing_entries: 0
Fetching from https://rsshub.app/juejin/posts/1838039172387262
Fetch error: 403
Fetch failed from https://rsshub.app/juejin/posts/1838039172387262
append_entries: 0
error when rendering xml, skip docs/juejinzhuanlan
------------------------------------------------------
Started: 2026-08-05 15:52:18.222712
Existing_entries: 0
Fetching from https://rsshub.app/juejin/posts/1838039172387262
Fetch error: 403
Fetch failed from https://rsshub.app/juejin/posts/1838039172387262
append_entries: 0
error when rendering xml, skip docs/juejinzhuanlan
------------------------------------------------------
Started: 2026-08-05 17:15:51.636651
Existing_entries: 0
Fetching from https://rsshub.app/juejin/posts/1838039172387262
Fetch error: 403
Fetch failed from https://rsshub.app/juejin/posts/1838039172387262
append_entries: 0
error when rendering xml, skip docs/juejinzhuanlan
------------------------------------------------------
Started: 2026-08-05 19:09:25.961558
Existing_entries: 0
Fetching from https://rsshub.app/juejin/posts/1838039172387262
Fetch error: 403
Fetch failed from https://rsshub.app/juejin/posts/1838039172387262
append_entries: 0
error when rendering xml, skip docs/juejinzhuanlan
------------------------------------------------------
Started: 2026-08-05 20:53:52.211857
Existing_entries: 0
Fetching from https://rsshub.app/juejin/posts/1838039172387262
Fetch error: 403
Fetch failed from https://rsshub.app/juejin/posts/1838039172387262
append_entries: 0
error when rendering xml, skip docs/juejinzhuanlan
------------------------------------------------------
Started: 2026-08-05 22:46:09.458413
Existing_entries: 0
Fetching from https://rsshub.app/juejin/posts/1838039172387262
Fetch error: 403
Fetch failed from https://rsshub.app/juejin/posts/1838039172387262
append_entries: 0
error when rendering xml, skip docs/juejinzhuanlan
------------------------------------------------------
Started: 2026-08-06 01:17:12.765217
Existing_entries: 0
Fetching from https://rsshub.app/juejin/posts/1838039172387262
Fetch error: 403
Fetch failed from https://rsshub.app/juejin/posts/1838039172387262
append_entries: 0
error when rendering xml, skip docs/juejinzhuanlan
------------------------------------------------------
Started: 2026-08-06 04:52:36.842112
Existing_entries: 0
Fetching from https://rsshub.app/juejin/posts/1838039172387262
Fetch error: 403
Fetch failed from https://rsshub.app/juejin/posts/1838039172387262
append_entries: 0
error when rendering xml, skip docs/juejinzhuanlan
------------------------------------------------------
Started: 2026-08-06 08:11:02.539398
Existing_entries: 0
Fetching from https://rsshub.app/juejin/posts/1838039172387262
Fetch error: 403
Fetch failed from https://rsshub.app/juejin/posts/1838039172387262
append_entries: 0
error when rendering xml, skip docs/juejinzhuanlan
------------------------------------------------------
Started: 2026-08-06 11:54:51.172740
Existing_entries: 0
Fetching from https://rsshub.app/juejin/posts/1838039172387262
Fetch error: 403
Fetch failed from https://rsshub.app/juejin/posts/1838039172387262
append_entries: 0
error when rendering xml, skip docs/juejinzhuanlan
------------------------------------------------------
Started: 2026-08-06 13:28:37.675331
Existing_entries: 0
Fetching from https://rsshub.app/juejin/posts/1838039172387262
Fetch error: 403
Fetch failed from https://rsshub.app/juejin/posts/1838039172387262
append_entries: 0
error when rendering xml, skip docs/juejinzhuanlan
------------------------------------------------------
Started: 2026-08-06 23:46:23.474743
Existing_entries: 0
Fetching from https://rsshub.app/juejin/posts/1838039172387262
Fetch error: 403
Fetch failed from https://rsshub.app/juejin/posts/1838039172387262
append_entries: 0
error when rendering xml, skip docs/juejinzhuanlan
------------------------------------------------------
Started: 2026-08-07 01:58:48.510130
Existing_entries: 0
Fetching from https://rsshub.app/juejin/posts/1838039172387262
Fetch error: 403
Fetch failed from https://rsshub.app/juejin/posts/1838039172387262
append_entries: 0
error when rendering xml, skip docs/juejinzhuanlan
------------------------------------------------------
Started: 2026-08-07 04:23:53.545463
Existing_entries: 0
Fetching from https://rsshub.app/juejin/posts/1838039172387262
Fetch error: 403
Fetch failed from https://rsshub.app/juejin/posts/1838039172387262
append_entries: 0
error when rendering xml, skip docs/juejinzhuanlan
------------------------------------------------------
Started: 2026-08-07 06:56:57.934211
Existing_entries: 0
Fetching from https://rsshub.app/juejin/posts/1838039172387262
Fetch error: 403
Fetch failed from https://rsshub.app/juejin/posts/1838039172387262
append_entries: 0
error when rendering xml, skip docs/juejinzhuanlan
------------------------------------------------------
Started: 2026-08-07 08:43:44.697389
Existing_entries: 0
Fetching from https://rsshub.app/juejin/posts/1838039172387262
Fetch error: 403
Fetch failed from https://rsshub.app/juejin/posts/1838039172387262
append_entries: 0
error when rendering xml, skip docs/juejinzhuanlan
------------------------------------------------------
Started: 2026-08-07 10:39:57.780300
Existing_entries: 0
Fetching from https://rsshub.app/juejin/posts/1838039172387262
Fetch error: 403
Fetch failed from https://rsshub.app/juejin/posts/1838039172387262
append_entries: 0
error when rendering xml, skip docs/juejinzhuanlan
------------------------------------------------------
Started: 2026-08-07 12:35:20.016220
Existing_entries: 0
Fetching from https://rsshub.app/juejin/posts/1838039172387262
Fetch error: 403
Fetch failed from https://rsshub.app/juejin/posts/1838039172387262
append_entries: 0
error when rendering xml, skip docs/juejinzhuanlan
------------------------------------------------------
Started: 2026-08-07 14:43:06.158747
Existing_entries: 0
Fetching from https://rsshub.app/juejin/posts/1838039172387262
Fetch error: 403
Fetch failed from https://rsshub.app/juejin/posts/1838039172387262
append_entries: 0
error when rendering xml, skip docs/juejinzhuanlan
------------------------------------------------------
Started: 2026-08-07 16:38:44.054115
Existing_entries: 0
Fetching from https://rsshub.app/juejin/posts/1838039172387262
Fetch error: 403
Fetch failed from https://rsshub.app/juejin/posts/1838039172387262
append_entries: 0
error when rendering xml, skip docs/juejinzhuanlan
------------------------------------------------------
Started: 2026-08-07 18:35:59.891452
Existing_entries: 0
Fetching from https://rsshub.app/juejin/posts/1838039172387262
Fetch error: 403
Fetch failed from https://rsshub.app/juejin/posts/1838039172387262
append_entries: 0
error when rendering xml, skip docs/juejinzhuanlan
------------------------------------------------------
Started: 2026-08-07 20:26:24.547851
Existing_entries: 0
Fetching from https://rsshub.app/juejin/posts/1838039172387262
Fetch error: 403
Fetch failed from https://rsshub.app/juejin/posts/1838039172387262
append_entries: 0
error when rendering xml, skip docs/juejinzhuanlan
------------------------------------------------------
Started: 2026-08-07 22:22:52.421486
Existing_entries: 0
Fetching from https://rsshub.app/juejin/posts/1838039172387262
Fetch error: 403
Fetch failed from https://rsshub.app/juejin/posts/1838039172387262
append_entries: 0
error when rendering xml, skip docs/juejinzhuanlan
------------------------------------------------------
Started: 2026-08-08 00:41:46.553743
Existing_entries: 0
Fetching from https://rsshub.app/juejin/posts/1838039172387262
Fetch error: 403
Fetch failed from https://rsshub.app/juejin/posts/1838039172387262
append_entries: 0
error when rendering xml, skip docs/juejinzhuanlan
------------------------------------------------------
Started: 2026-08-08 03:14:56.664339
Existing_entries: 0
Fetching from https://rsshub.app/juejin/posts/1838039172387262
Fetch error: 403
Fetch failed from https://rsshub.app/juejin/posts/1838039172387262
append_entries: 0
error when rendering xml, skip docs/juejinzhuanlan
------------------------------------------------------
Started: 2026-08-08 04:44:05.823640
Existing_entries: 0
Fetching from https://rsshub.app/juejin/posts/1838039172387262
Fetch error: 403
Fetch failed from https://rsshub.app/juejin/posts/1838039172387262
append_entries: 0
error when rendering xml, skip docs/juejinzhuanlan
------------------------------------------------------
Started: 2026-08-08 06:30:02.598524
Existing_entries: 0
Fetching from https://rsshub.app/juejin/posts/1838039172387262
Fetch error: 403
Fetch failed from https://rsshub.app/juejin/posts/1838039172387262
append_entries: 0
error when rendering xml, skip docs/juejinzhuanlan
------------------------------------------------------
Started: 2026-08-08 08:25:08.415505
Existing_entries: 0
Fetching from https://rsshub.app/juejin/posts/1838039172387262
Fetch error: 403
Fetch failed from https://rsshub.app/juejin/posts/1838039172387262
append_entries: 0
error when rendering xml, skip docs/juejinzhuanlan
------------------------------------------------------
Started: 2026-08-08 10:18:44.841169
Existing_entries: 0
Fetching from https://rsshub.app/juejin/posts/1838039172387262
Fetch error: 403
Fetch failed from https://rsshub.app/juejin/posts/1838039172387262
append_entries: 0
error when rendering xml, skip docs/juejinzhuanlan
------------------------------------------------------
Started: 2026-08-08 12:21:19.912562
Existing_entries: 0
Fetching from https://rsshub.app/juejin/posts/1838039172387262
Fetch error: 403
Fetch failed from https://rsshub.app/juejin/posts/1838039172387262
append_entries: 0
error when rendering xml, skip docs/juejinzhuanlan
------------------------------------------------------
Started: 2026-08-08 14:21:13.657978
Existing_entries: 0
Fetching from https://rsshub.app/juejin/posts/1838039172387262
Fetch error: 403
Fetch failed from https://rsshub.app/juejin/posts/1838039172387262
append_entries: 0
error when rendering xml, skip docs/juejinzhuanlan
------------------------------------------------------
Started: 2026-08-08 16:17:09.562026
Existing_entries: 0
Fetching from https://rsshub.app/juejin/posts/1838039172387262
Fetch error: 403
Fetch failed from https://rsshub.app/juejin/posts/1838039172387262
append_entries: 0
error when rendering xml, skip docs/juejinzhuanlan
------------------------------------------------------
Started: 2026-08-08 18:19:16.193509
Existing_entries: 0
Fetching from https://rsshub.app/juejin/posts/1838039172387262
Fetch error: 403
Fetch failed from https://rsshub.app/juejin/posts/1838039172387262
append_entries: 0
error when rendering xml, skip docs/juejinzhuanlan
------------------------------------------------------
Started: 2026-08-08 20:14:51.395180
Existing_entries: 0
Fetching from https://rsshub.app/juejin/posts/1838039172387262
Fetch error: 403
Fetch failed from https://rsshub.app/juejin/posts/1838039172387262
append_entries: 0
error when rendering xml, skip docs/juejinzhuanlan
------------------------------------------------------
Started: 2026-08-08 22:15:07.328941
Existing_entries: 0
Fetching from https://rsshub.app/juejin/posts/1838039172387262
Fetch error: 403
Fetch failed from https://rsshub.app/juejin/posts/1838039172387262
append_entries: 0
error when rendering xml, skip docs/juejinzhuanlan
------------------------------------------------------
Started: 2026-08-09 00:44:19.468588
Existing_entries: 0
Fetching from https://rsshub.app/juejin/posts/1838039172387262
Fetch error: 403
Fetch failed from https://rsshub.app/juejin/posts/1838039172387262
append_entries: 0
error when rendering xml, skip docs/juejinzhuanlan
------------------------------------------------------
Started: 2026-08-09 03:22:28.116765
Existing_entries: 0
Fetching from https://rsshub.app/juejin/posts/1838039172387262
Fetch error: 403
Fetch failed from https://rsshub.app/juejin/posts/1838039172387262
append_entries: 0
error when rendering xml, skip docs/juejinzhuanlan
------------------------------------------------------
Started: 2026-08-09 04:53:27.906962
Existing_entries: 0
Fetching from https://rsshub.app/juejin/posts/1838039172387262
Fetch error: 403
Fetch failed from https://rsshub.app/juejin/posts/1838039172387262
append_entries: 0
error when rendering xml, skip docs/juejinzhuanlan
------------------------------------------------------
Started: 2026-08-09 06:34:24.533026
Existing_entries: 0
Fetching from https://rsshub.app/juejin/posts/1838039172387262
Fetch error: 403
Fetch failed from https://rsshub.app/juejin/posts/1838039172387262
append_entries: 0
error when rendering xml, skip docs/juejinzhuanlan
------------------------------------------------------
Started: 2026-08-09 08:27:28.395307
Existing_entries: 0
Fetching from https://rsshub.app/juejin/posts/1838039172387262
Fetch error: 403
Fetch failed from https://rsshub.app/juejin/posts/1838039172387262
append_entries: 0
error when rendering xml, skip docs/juejinzhuanlan
------------------------------------------------------
Started: 2026-08-09 10:20:22.774202
Existing_entries: 0
Fetching from https://rsshub.app/juejin/posts/1838039172387262
Fetch error: 403
Fetch failed from https://rsshub.app/juejin/posts/1838039172387262
append_entries: 0
error when rendering xml, skip docs/juejinzhuanlan
------------------------------------------------------
Started: 2026-08-09 12:22:53.143764
Existing_entries: 0
Fetching from https://rsshub.app/juejin/posts/1838039172387262
Fetch error: 403
Fetch failed from https://rsshub.app/juejin/posts/1838039172387262
append_entries: 0
error when rendering xml, skip docs/juejinzhuanlan
------------------------------------------------------
Started: 2026-08-09 14:22:33.359194
Existing_entries: 0
Fetching from https://rsshub.app/juejin/posts/1838039172387262
Fetch error: 403
Fetch failed from https://rsshub.app/juejin/posts/1838039172387262
append_entries: 0
error when rendering xml, skip docs/juejinzhuanlan
------------------------------------------------------
Started: 2026-08-09 16:19:11.591419
Existing_entries: 0
Fetching from https://rsshub.app/juejin/posts/1838039172387262
Fetch error: 403
Fetch failed from https://rsshub.app/juejin/posts/1838039172387262
append_entries: 0
error when rendering xml, skip docs/juejinzhuanlan
------------------------------------------------------
Started: 2026-08-09 18:21:03.436208
Existing_entries: 0
Fetching from https://rsshub.app/juejin/posts/1838039172387262
Fetch error: 403
Fetch failed from https://rsshub.app/juejin/posts/1838039172387262
append_entries: 0
error when rendering xml, skip docs/juejinzhuanlan
------------------------------------------------------
Started: 2026-08-09 20:17:22.984386
Existing_entries: 0
Fetching from https://rsshub.app/juejin/posts/1838039172387262
Fetch error: 403
Fetch failed from https://rsshub.app/juejin/posts/1838039172387262
append_entries: 0
error when rendering xml, skip docs/juejinzhuanlan
------------------------------------------------------
Started: 2026-08-09 22:17:10.947901
Existing_entries: 0
Fetching from https://rsshub.app/juejin/posts/1838039172387262
Fetch error: 403
Fetch failed from https://rsshub.app/juejin/posts/1838039172387262
append_entries: 0
error when rendering xml, skip docs/juejinzhuanlan
------------------------------------------------------
Started: 2026-08-10 00:45:55.261310
Existing_entries: 0
Fetching from https://rsshub.app/juejin/posts/1838039172387262
Fetch error: 403
Fetch failed from https://rsshub.app/juejin/posts/1838039172387262
append_entries: 0
error when rendering xml, skip docs/juejinzhuanlan
------------------------------------------------------
Started: 2026-08-10 03:41:37.998439
Existing_entries: 0
Fetching from https://rsshub.app/juejin/posts/1838039172387262
Fetch error: 403
Fetch failed from https://rsshub.app/juejin/posts/1838039172387262
append_entries: 0
error when rendering xml, skip docs/juejinzhuanlan
------------------------------------------------------
Started: 2026-08-10 05:14:16.321199
Existing_entries: 0
Fetching from https://rsshub.app/juejin/posts/1838039172387262
Fetch error: 403
Fetch failed from https://rsshub.app/juejin/posts/1838039172387262
append_entries: 0
error when rendering xml, skip docs/juejinzhuanlan
------------------------------------------------------
Started: 2026-08-10 07:04:06.390138
Existing_entries: 0
Fetching from https://rsshub.app/juejin/posts/1838039172387262
Fetch error: 403
Fetch failed from https://rsshub.app/juejin/posts/1838039172387262
append_entries: 0
error when rendering xml, skip docs/juejinzhuanlan
------------------------------------------------------
Started: 2026-08-10 09:04:19.340358
Existing_entries: 0
Fetching from https://rsshub.app/juejin/posts/1838039172387262
Fetch error: 403
Fetch failed from https://rsshub.app/juejin/posts/1838039172387262
append_entries: 0
error when rendering xml, skip docs/juejinzhuanlan
------------------------------------------------------
Started: 2026-08-10 10:54:34.450236
Existing_entries: 0
Fetching from https://rsshub.app/juejin/posts/1838039172387262
Fetch error: 403
Fetch failed from https://rsshub.app/juejin/posts/1838039172387262
append_entries: 0
error when rendering xml, skip docs/juejinzhuanlan
------------------------------------------------------
Started: 2026-08-10 12:39:30.481657
Existing_entries: 0
Fetching from https://rsshub.app/juejin/posts/1838039172387262
Fetch error: 403
Fetch failed from https://rsshub.app/juejin/posts/1838039172387262
append_entries: 0
error when rendering xml, skip docs/juejinzhuanlan
------------------------------------------------------
Started: 2026-08-10 14:48:18.087756
Existing_entries: 0
Fetching from https://rsshub.app/juejin/posts/1838039172387262
Fetch error: 403
Fetch failed from https://rsshub.app/juejin/posts/1838039172387262
append_entries: 0
error when rendering xml, skip docs/juejinzhuanlan
------------------------------------------------------
Started: 2026-08-10 16:40:02.736728
Existing_entries: 0
Fetching from https://rsshub.app/juejin/posts/1838039172387262
Fetch error: 403
Fetch failed from https://rsshub.app/juejin/posts/1838039172387262
append_entries: 0
error when rendering xml, skip docs/juejinzhuanlan
------------------------------------------------------
Started: 2026-08-10 18:39:15.398453
Existing_entries: 0
Fetching from https://rsshub.app/juejin/posts/1838039172387262
Fetch error: 403
Fetch failed from https://rsshub.app/juejin/posts/1838039172387262
append_entries: 0
error when rendering xml, skip docs/juejinzhuanlan
------------------------------------------------------
Started: 2026-08-10 20:29:03.708274
Existing_entries: 0
Fetching from https://rsshub.app/juejin/posts/1838039172387262
Fetch error: 403
Fetch failed from https://rsshub.app/juejin/posts/1838039172387262
append_entries: 0
error when rendering xml, skip docs/juejinzhuanlan
------------------------------------------------------
Started: 2026-08-10 22:23:46.246179
Existing_entries: 0
Fetching from https://rsshub.app/juejin/posts/1838039172387262
Fetch error: 403
Fetch failed from https://rsshub.app/juejin/posts/1838039172387262
append_entries: 0
error when rendering xml, skip docs/juejinzhuanlan
------------------------------------------------------
Started: 2026-08-11 00:45:25.363019
Existing_entries: 0
Fetching from https://rsshub.app/juejin/posts/1838039172387262
Fetch error: 403
Fetch failed from https://rsshub.app/juejin/posts/1838039172387262
append_entries: 0
error when rendering xml, skip docs/juejinzhuanlan
------------------------------------------------------
Started: 2026-08-11 03:24:47.882230
Existing_entries: 0
Fetching from https://rsshub.app/juejin/posts/1838039172387262
Fetch error: 403
Fetch failed from https://rsshub.app/juejin/posts/1838039172387262
append_entries: 0
error when rendering xml, skip docs/juejinzhuanlan
------------------------------------------------------
Started: 2026-08-11 04:56:40.160171
Existing_entries: 0
Fetching from https://rsshub.app/juejin/posts/1838039172387262
Fetch error: 403
Fetch failed from https://rsshub.app/juejin/posts/1838039172387262
append_entries: 0
error when rendering xml, skip docs/juejinzhuanlan
------------------------------------------------------
Started: 2026-08-11 06:43:07.568697
Existing_entries: 0
Fetching from https://rsshub.app/juejin/posts/1838039172387262
Fetch error: 403
Fetch failed from https://rsshub.app/juejin/posts/1838039172387262
append_entries: 0
error when rendering xml, skip docs/juejinzhuanlan
------------------------------------------------------
Started: 2026-08-11 08:41:49.254606
Existing_entries: 0
Fetching from https://rsshub.app/juejin/posts/1838039172387262
Fetch error: 403
Fetch failed from https://rsshub.app/juejin/posts/1838039172387262
append_entries: 0
error when rendering xml, skip docs/juejinzhuanlan
------------------------------------------------------
Started: 2026-08-11 10:39:44.877863
Existing_entries: 0
Fetching from https://rsshub.app/juejin/posts/1838039172387262
Fetch error: 403
Fetch failed from https://rsshub.app/juejin/posts/1838039172387262
append_entries: 0
error when rendering xml, skip docs/juejinzhuanlan
------------------------------------------------------
Started: 2026-08-11 12:36:31.093321
Existing_entries: 0
Fetching from https://rsshub.app/juejin/posts/1838039172387262
Fetch error: 403
Fetch failed from https://rsshub.app/juejin/posts/1838039172387262
append_entries: 0
error when rendering xml, skip docs/juejinzhuanlan
------------------------------------------------------
Started: 2026-08-11 14:47:56.626688
Existing_entries: 0
Fetching from https://rsshub.app/juejin/posts/1838039172387262
Fetch error: 403
Fetch failed from https://rsshub.app/juejin/posts/1838039172387262
append_entries: 0
error when rendering xml, skip docs/juejinzhuanlan
------------------------------------------------------
Started: 2026-08-11 16:43:37.286871
Existing_entries: 0
Fetching from https://rsshub.app/juejin/posts/1838039172387262
Fetch error: 403
Fetch failed from https://rsshub.app/juejin/posts/1838039172387262
append_entries: 0
error when rendering xml, skip docs/juejinzhuanlan
------------------------------------------------------
Started: 2026-08-11 18:42:57.577172
Existing_entries: 0
Fetching from https://rsshub.app/juejin/posts/1838039172387262
Fetch error: 403
Fetch failed from https://rsshub.app/juejin/posts/1838039172387262
append_entries: 0
error when rendering xml, skip docs/juejinzhuanlan
------------------------------------------------------
Started: 2026-08-11 20:31:04.204426
Existing_entries: 0
Fetching from https://rsshub.app/juejin/posts/1838039172387262
Fetch error: 403
Fetch failed from https://rsshub.app/juejin/posts/1838039172387262
append_entries: 0
error when rendering xml, skip docs/juejinzhuanlan
------------------------------------------------------
Started: 2026-08-11 22:29:04.177973
Existing_entries: 0
Fetching from https://rsshub.app/juejin/posts/1838039172387262
Fetch error: 403
Fetch failed from https://rsshub.app/juejin/posts/1838039172387262
append_entries: 0
error when rendering xml, skip docs/juejinzhuanlan
------------------------------------------------------
Started: 2026-08-12 00:53:20.888199
Existing_entries: 0
Fetching from https://rsshub.app/juejin/posts/1838039172387262
Fetch error: 403
Fetch failed from https://rsshub.app/juejin/posts/1838039172387262
append_entries: 0
error when rendering xml, skip docs/juejinzhuanlan
------------------------------------------------------
Started: 2026-08-12 03:53:14.744663
Existing_entries: 0
Fetching from https://rsshub.app/juejin/posts/1838039172387262
Fetch error: 403
Fetch failed from https://rsshub.app/juejin/posts/1838039172387262
append_entries: 0
error when rendering xml, skip docs/juejinzhuanlan
------------------------------------------------------
Started: 2026-08-12 05:21:29.995860
Existing_entries: 0
Fetching from https://rsshub.app/juejin/posts/1838039172387262
Fetch error: 403
Fetch failed from https://rsshub.app/juejin/posts/1838039172387262
append_entries: 0
error when rendering xml, skip docs/juejinzhuanlan
------------------------------------------------------
Started: 2026-08-12 07:03:20.931731
Existing_entries: 0
Fetching from https://rsshub.app/juejin/posts/1838039172387262
Fetch error: 403
Fetch failed from https://rsshub.app/juejin/posts/1838039172387262
append_entries: 0
error when rendering xml, skip docs/juejinzhuanlan
------------------------------------------------------
Started: 2026-08-12 08:57:29.528684
Existing_entries: 0
Fetching from https://rsshub.app/juejin/posts/1838039172387262
Fetch error: 403
Fetch failed from https://rsshub.app/juejin/posts/1838039172387262
append_entries: 0
error when rendering xml, skip docs/juejinzhuanlan
------------------------------------------------------
Started: 2026-08-12 10:48:55.024161
Existing_entries: 0
Fetching from https://rsshub.app/juejin/posts/1838039172387262
Fetch error: 403
Fetch failed from https://rsshub.app/juejin/posts/1838039172387262
append_entries: 0
error when rendering xml, skip docs/juejinzhuanlan
------------------------------------------------------
Started: 2026-08-12 12:39:12.209470
Existing_entries: 0
Fetching from https://rsshub.app/juejin/posts/1838039172387262
Fetch error: 403
Fetch failed from https://rsshub.app/juejin/posts/1838039172387262
append_entries: 0
error when rendering xml, skip docs/juejinzhuanlan
------------------------------------------------------
Started: 2026-08-12 14:48:51.582093
Existing_entries: 0
Fetching from https://rsshub.app/juejin/posts/1838039172387262
Fetch error: 403
Fetch failed from https://rsshub.app/juejin/posts/1838039172387262
append_entries: 0
error when rendering xml, skip docs/juejinzhuanlan
------------------------------------------------------
Started: 2026-08-12 16:43:21.000002
Existing_entries: 0
Fetching from https://rsshub.app/juejin/posts/1838039172387262
Fetch error: 403
Fetch failed from https://rsshub.app/juejin/posts/1838039172387262
append_entries: 0
error when rendering xml, skip docs/juejinzhuanlan
------------------------------------------------------
Started: 2026-08-12 18:43:38.113307
Existing_entries: 0
Fetching from https://rsshub.app/juejin/posts/1838039172387262
Fetch error: 403
Fetch failed from https://rsshub.app/juejin/posts/1838039172387262
append_entries: 0
error when rendering xml, skip docs/juejinzhuanlan
------------------------------------------------------
Started: 2026-08-12 20:31:01.994463
Existing_entries: 0
Fetching from https://rsshub.app/juejin/posts/1838039172387262
Fetch error: 403
Fetch failed from https://rsshub.app/juejin/posts/1838039172387262
append_entries: 0
error when rendering xml, skip docs/juejinzhuanlan
------------------------------------------------------
Started: 2026-08-12 22:27:32.959857
Existing_entries: 0
Fetching from https://rsshub.app/juejin/posts/1838039172387262
Fetch error: 403
Fetch failed from https://rsshub.app/juejin/posts/1838039172387262
append_entries: 0
error when rendering xml, skip docs/juejinzhuanlan
------------------------------------------------------
Started: 2026-08-13 00:54:58.457334
Existing_entries: 0
Fetching from https://rsshub.app/juejin/posts/1838039172387262
Fetch error: 403
Fetch failed from https://rsshub.app/juejin/posts/1838039172387262
append_entries: 0
error when rendering xml, skip docs/juejinzhuanlan
------------------------------------------------------
Started: 2026-08-13 03:56:55.430616
Existing_entries: 0
Fetching from https://rsshub.app/juejin/posts/1838039172387262
Fetch error: 403
Fetch failed from https://rsshub.app/juejin/posts/1838039172387262
append_entries: 0
error when rendering xml, skip docs/juejinzhuanlan
------------------------------------------------------
Started: 2026-08-13 05:28:11.521360
Existing_entries: 0
Fetching from https://rsshub.app/juejin/posts/1838039172387262
Fetch error: 403
Fetch failed from https://rsshub.app/juejin/posts/1838039172387262
append_entries: 0
error when rendering xml, skip docs/juejinzhuanlan
------------------------------------------------------
Started: 2026-08-13 07:07:09.812345
Existing_entries: 0
Fetching from https://rsshub.app/juejin/posts/1838039172387262
Fetch error: 403
Fetch failed from https://rsshub.app/juejin/posts/1838039172387262
append_entries: 0
error when rendering xml, skip docs/juejinzhuanlan
------------------------------------------------------
Started: 2026-08-13 08:59:27.435559
Existing_entries: 0
Fetching from https://rsshub.app/juejin/posts/1838039172387262
Fetch error: 403
Fetch failed from https://rsshub.app/juejin/posts/1838039172387262
append_entries: 0
error when rendering xml, skip docs/juejinzhuanlan
------------------------------------------------------
Started: 2026-08-13 10:49:57.431685
Existing_entries: 0
Fetching from https://rsshub.app/juejin/posts/1838039172387262
Fetch error: 403
Fetch failed from https://rsshub.app/juejin/posts/1838039172387262
append_entries: 0
error when rendering xml, skip docs/juejinzhuanlan
------------------------------------------------------
Started: 2026-08-13 12:39:51.925914
Existing_entries: 0
Fetching from https://rsshub.app/juejin/posts/1838039172387262
Fetch error: 403
Fetch failed from https://rsshub.app/juejin/posts/1838039172387262
append_entries: 0
error when rendering xml, skip docs/juejinzhuanlan
------------------------------------------------------
Started: 2026-08-13 14:48:40.894780
Existing_entries: 0
Fetching from https://rsshub.app/juejin/posts/1838039172387262
Fetch error: 403
Fetch failed from https://rsshub.app/juejin/posts/1838039172387262
append_entries: 0
error when rendering xml, skip docs/juejinzhuanlan
------------------------------------------------------
Started: 2026-08-13 16:42:17.410258
Existing_entries: 0
Fetching from https://rsshub.app/juejin/posts/1838039172387262
Fetch error: 403
Fetch failed from https://rsshub.app/juejin/posts/1838039172387262
append_entries: 0
error when rendering xml, skip docs/juejinzhuanlan
------------------------------------------------------
Started: 2026-08-13 18:44:12.821584
Existing_entries: 0
Fetching from https://rsshub.app/juejin/posts/1838039172387262
Fetch error: 403
Fetch failed from https://rsshub.app/juejin/posts/1838039172387262
append_entries: 0
error when rendering xml, skip docs/juejinzhuanlan
------------------------------------------------------
Started: 2026-08-13 20:27:39.246826
Existing_entries: 0
Fetching from https://rsshub.app/juejin/posts/1838039172387262
Fetch error: 403
Fetch failed from https://rsshub.app/juejin/posts/1838039172387262
append_entries: 0
error when rendering xml, skip docs/juejinzhuanlan
------------------------------------------------------
Started: 2026-08-13 22:28:46.440313
Existing_entries: 0
Fetching from https://rsshub.app/juejin/posts/1838039172387262
Fetch error: 403
Fetch failed from https://rsshub.app/juejin/posts/1838039172387262
append_entries: 0
error when rendering xml, skip docs/juejinzhuanlan
------------------------------------------------------
Started: 2026-08-14 00:53:56.294350
Existing_entries: 0
Fetching from https://rsshub.app/juejin/posts/1838039172387262
Fetch error: 403
Fetch failed from https://rsshub.app/juejin/posts/1838039172387262
append_entries: 0
error when rendering xml, skip docs/juejinzhuanlan
------------------------------------------------------
Started: 2026-08-14 03:53:34.883792
Existing_entries: 0
Fetching from https://rsshub.app/juejin/posts/1838039172387262
Fetch error: 403
Fetch failed from https://rsshub.app/juejin/posts/1838039172387262
append_entries: 0
error when rendering xml, skip docs/juejinzhuanlan
------------------------------------------------------
Started: 2026-08-14 05:22:43.470835
Existing_entries: 0
Fetching from https://rsshub.app/juejin/posts/1838039172387262
Fetch error: 403
Fetch failed from https://rsshub.app/juejin/posts/1838039172387262
append_entries: 0
error when rendering xml, skip docs/juejinzhuanlan
------------------------------------------------------
Started: 2026-08-14 07:03:29.041579
Existing_entries: 0
Fetching from https://rsshub.app/juejin/posts/1838039172387262
Fetch error: 403
Fetch failed from https://rsshub.app/juejin/posts/1838039172387262
append_entries: 0
error when rendering xml, skip docs/juejinzhuanlan
------------------------------------------------------
Started: 2026-08-14 08:55:22.551230
Existing_entries: 0
Fetching from https://rsshub.app/juejin/posts/1838039172387262
Fetch error: 403
Fetch failed from https://rsshub.app/juejin/posts/1838039172387262
append_entries: 0
error when rendering xml, skip docs/juejinzhuanlan
------------------------------------------------------
Started: 2026-08-14 10:45:29.445034
Existing_entries: 0
Fetching from https://rsshub.app/juejin/posts/1838039172387262
Fetch error: 403
Fetch failed from https://rsshub.app/juejin/posts/1838039172387262
append_entries: 0
error when rendering xml, skip docs/juejinzhuanlan
------------------------------------------------------
Started: 2026-08-14 12:36:05.654463
Existing_entries: 0
Fetching from https://rsshub.app/juejin/posts/1838039172387262
Fetch error: 403
Fetch failed from https://rsshub.app/juejin/posts/1838039172387262
append_entries: 0
error when rendering xml, skip docs/juejinzhuanlan
------------------------------------------------------
Started: 2026-08-14 14:43:02.463035
Existing_entries: 0
Fetching from https://rsshub.app/juejin/posts/1838039172387262
Fetch error: 403
Fetch failed from https://rsshub.app/juejin/posts/1838039172387262
append_entries: 0
error when rendering xml, skip docs/juejinzhuanlan
------------------------------------------------------
Started: 2026-08-14 16:37:35.654509
Existing_entries: 0
Fetching from https://rsshub.app/juejin/posts/1838039172387262
Fetch error: 403
Fetch failed from https://rsshub.app/juejin/posts/1838039172387262
append_entries: 0
error when rendering xml, skip docs/juejinzhuanlan
------------------------------------------------------
Started: 2026-08-14 18:37:35.859606
Existing_entries: 0
Fetching from https://rsshub.app/juejin/posts/1838039172387262
Fetch error: 403
Fetch failed from https://rsshub.app/juejin/posts/1838039172387262
append_entries: 0
error when rendering xml, skip docs/juejinzhuanlan
------------------------------------------------------
Started: 2026-08-14 20:19:34.196066
Existing_entries: 0
Fetching from https://rsshub.app/juejin/posts/1838039172387262
Fetch error: 403
Fetch failed from https://rsshub.app/juejin/posts/1838039172387262
append_entries: 0
error when rendering xml, skip docs/juejinzhuanlan
------------------------------------------------------
Started: 2026-08-14 22:10:23.002672
Existing_entries: 0
Fetching from https://rsshub.app/juejin/posts/1838039172387262
Fetch error: 403
Fetch failed from https://rsshub.app/juejin/posts/1838039172387262
append_entries: 0
error when rendering xml, skip docs/juejinzhuanlan
------------------------------------------------------
Started: 2026-08-15 00:31:06.009562
Existing_entries: 0
Fetching from https://rsshub.app/juejin/posts/1838039172387262
Fetch error: 403
Fetch failed from https://rsshub.app/juejin/posts/1838039172387262
append_entries: 0
error when rendering xml, skip docs/juejinzhuanlan
------------------------------------------------------
Started: 2026-08-15 02:42:09.167277
Existing_entries: 0
Fetching from https://rsshub.app/juejin/posts/1838039172387262
Fetch error: 403
Fetch failed from https://rsshub.app/juejin/posts/1838039172387262
append_entries: 0
error when rendering xml, skip docs/juejinzhuanlan
------------------------------------------------------
Started: 2026-08-15 04:17:54.300484
Existing_entries: 0
Fetching from https://rsshub.app/juejin/posts/1838039172387262
Fetch error: 403
Fetch failed from https://rsshub.app/juejin/posts/1838039172387262
append_entries: 0
error when rendering xml, skip docs/juejinzhuanlan
------------------------------------------------------
Started: 2026-08-15 06:16:38.598799
Existing_entries: 0
Fetching from https://rsshub.app/juejin/posts/1838039172387262
Fetch error: 403
Fetch failed from https://rsshub.app/juejin/posts/1838039172387262
append_entries: 0
error when rendering xml, skip docs/juejinzhuanlan
------------------------------------------------------
Started: 2026-08-15 08:13:12.117117
Existing_entries: 0
Fetching from https://rsshub.app/juejin/posts/1838039172387262
Fetch error: 403
Fetch failed from https://rsshub.app/juejin/posts/1838039172387262
append_entries: 0
error when rendering xml, skip docs/juejinzhuanlan
------------------------------------------------------
Started: 2026-08-15 10:10:10.968810
Existing_entries: 0
Fetching from https://rsshub.app/juejin/posts/1838039172387262
Fetch error: 403
Fetch failed from https://rsshub.app/juejin/posts/1838039172387262
append_entries: 0
error when rendering xml, skip docs/juejinzhuanlan
------------------------------------------------------
Started: 2026-08-15 12:13:01.922804
Existing_entries: 0
Fetching from https://rsshub.app/juejin/posts/1838039172387262
Fetch error: 403
Fetch failed from https://rsshub.app/juejin/posts/1838039172387262
append_entries: 0
error when rendering xml, skip docs/juejinzhuanlan
------------------------------------------------------
Started: 2026-08-15 14:10:20.739923
Existing_entries: 0
Fetching from https://rsshub.app/juejin/posts/1838039172387262
Fetch error: 403
Fetch failed from https://rsshub.app/juejin/posts/1838039172387262
append_entries: 0
error when rendering xml, skip docs/juejinzhuanlan
------------------------------------------------------
Started: 2026-08-15 16:09:27.240308
Existing_entries: 0
Fetching from https://rsshub.app/juejin/posts/1838039172387262
Fetch error: 403
Fetch failed from https://rsshub.app/juejin/posts/1838039172387262
append_entries: 0
error when rendering xml, skip docs/juejinzhuanlan
------------------------------------------------------
Started: 2026-08-15 18:10:46.153623
Existing_entries: 0
Fetching from https://rsshub.app/juejin/posts/1838039172387262
Fetch error: 403
Fetch failed from https://rsshub.app/juejin/posts/1838039172387262
append_entries: 0
error when rendering xml, skip docs/juejinzhuanlan
------------------------------------------------------
Started: 2026-08-15 20:08:56.495249
Existing_entries: 0
Fetching from https://rsshub.app/juejin/posts/1838039172387262
Fetch error: 403
Fetch failed from https://rsshub.app/juejin/posts/1838039172387262
append_entries: 0
error when rendering xml, skip docs/juejinzhuanlan
------------------------------------------------------
Started: 2026-08-15 22:08:17.620368
Existing_entries: 0
Fetching from https://rsshub.app/juejin/posts/1838039172387262
Fetch error: 403
Fetch failed from https://rsshub.app/juejin/posts/1838039172387262
append_entries: 0
error when rendering xml, skip docs/juejinzhuanlan
------------------------------------------------------
Started: 2026-08-16 00:31:58.859881
Existing_entries: 0
Fetching from https://rsshub.app/juejin/posts/1838039172387262
Fetch error: 403
Fetch failed from https://rsshub.app/juejin/posts/1838039172387262
append_entries: 0
error when rendering xml, skip docs/juejinzhuanlan
------------------------------------------------------
Started: 2026-08-16 02:50:08.886507
Existing_entries: 0
Fetching from https://rsshub.app/juejin/posts/1838039172387262
Fetch error: 403
Fetch failed from https://rsshub.app/juejin/posts/1838039172387262
append_entries: 0
error when rendering xml, skip docs/juejinzhuanlan
------------------------------------------------------
Started: 2026-08-16 04:23:25.418282
Existing_entries: 0
Fetching from https://rsshub.app/juejin/posts/1838039172387262
Fetch error: 403
Fetch failed from https://rsshub.app/juejin/posts/1838039172387262
append_entries: 0
error when rendering xml, skip docs/juejinzhuanlan
------------------------------------------------------
Started: 2026-08-16 06:18:35.538018
Existing_entries: 0
Fetching from https://rsshub.app/juejin/posts/1838039172387262
Fetch error: 403
Fetch failed from https://rsshub.app/juejin/posts/1838039172387262
append_entries: 0
error when rendering xml, skip docs/juejinzhuanlan
------------------------------------------------------
Started: 2026-08-16 08:14:13.963019
Existing_entries: 0
Fetching from https://rsshub.app/juejin/posts/1838039172387262
Fetch error: 403
Fetch failed from https://rsshub.app/juejin/posts/1838039172387262
append_entries: 0
error when rendering xml, skip docs/juejinzhuanlan
------------------------------------------------------
Started: 2026-08-16 10:10:52.234374
Existing_entries: 0
Fetching from https://rsshub.app/juejin/posts/1838039172387262
Fetch error: 403
Fetch failed from https://rsshub.app/juejin/posts/1838039172387262
append_entries: 0
error when rendering xml, skip docs/juejinzhuanlan
------------------------------------------------------
Started: 2026-08-16 12:14:11.099130
Existing_entries: 0
Fetching from https://rsshub.app/juejin/posts/1838039172387262
Fetch error: 403
Fetch failed from https://rsshub.app/juejin/posts/1838039172387262
append_entries: 0
error when rendering xml, skip docs/juejinzhuanlan
------------------------------------------------------
Started: 2026-08-16 14:11:14.419318
Existing_entries: 0
Fetching from https://rsshub.app/juejin/posts/1838039172387262
Fetch error: 403
Fetch failed from https://rsshub.app/juejin/posts/1838039172387262
append_entries: 0
error when rendering xml, skip docs/juejinzhuanlan
------------------------------------------------------
Started: 2026-08-16 16:09:53.221072
Existing_entries: 0
Fetching from https://rsshub.app/juejin/posts/1838039172387262
Fetch error: 403
Fetch failed from https://rsshub.app/juejin/posts/1838039172387262
append_entries: 0
error when rendering xml, skip docs/juejinzhuanlan
------------------------------------------------------
Started: 2026-08-16 18:10:37.138621
Existing_entries: 0
Fetching from https://rsshub.app/juejin/posts/1838039172387262
Fetch error: 403
Fetch failed from https://rsshub.app/juejin/posts/1838039172387262
append_entries: 0
error when rendering xml, skip docs/juejinzhuanlan
------------------------------------------------------
Started: 2026-08-16 20:08:12.212870
Existing_entries: 0
Fetching from https://rsshub.app/juejin/posts/1838039172387262
Fetch error: 403
Fetch failed from https://rsshub.app/juejin/posts/1838039172387262
append_entries: 0
error when rendering xml, skip docs/juejinzhuanlan
------------------------------------------------------
Started: 2026-08-16 22:08:10.695847
Existing_entries: 0
Fetching from https://rsshub.app/juejin/posts/1838039172387262
Fetch error: 403
Fetch failed from https://rsshub.app/juejin/posts/1838039172387262
append_entries: 0
error when rendering xml, skip docs/juejinzhuanlan
------------------------------------------------------
Started: 2026-08-17 00:30:19.090842
Existing_entries: 0
Fetching from https://rsshub.app/juejin/posts/1838039172387262
Fetch error: 403
Fetch failed from https://rsshub.app/juejin/posts/1838039172387262
append_entries: 0
error when rendering xml, skip docs/juejinzhuanlan
------------------------------------------------------
Started: 2026-08-17 02:50:14.058536
Existing_entries: 0
Fetching from https://rsshub.app/juejin/posts/1838039172387262
Fetch error: 403
Fetch failed from https://rsshub.app/juejin/posts/1838039172387262
append_entries: 0
error when rendering xml, skip docs/juejinzhuanlan
------------------------------------------------------
Started: 2026-08-17 04:29:38.760018
Existing_entries: 0
Fetching from https://rsshub.app/juejin/posts/1838039172387262
Fetch error: 403
Fetch failed from https://rsshub.app/juejin/posts/1838039172387262
append_entries: 0
error when rendering xml, skip docs/juejinzhuanlan
------------------------------------------------------
Started: 2026-08-17 06:27:10.325603
Existing_entries: 0
Fetching from https://rsshub.app/juejin/posts/1838039172387262
Fetch error: 403
Fetch failed from https://rsshub.app/juejin/posts/1838039172387262
append_entries: 0
error when rendering xml, skip docs/juejinzhuanlan
------------------------------------------------------
Started: 2026-08-17 08:29:01.941579
Existing_entries: 0
Fetching from https://rsshub.app/juejin/posts/1838039172387262
Fetch error: 403
Fetch failed from https://rsshub.app/juejin/posts/1838039172387262
append_entries: 0
error when rendering xml, skip docs/juejinzhuanlan
------------------------------------------------------
Started: 2026-08-17 10:19:19.860180
Existing_entries: 0
Fetching from https://rsshub.app/juejin/posts/1838039172387262
Fetch error: 403
Fetch failed from https://rsshub.app/juejin/posts/1838039172387262
append_entries: 0
error when rendering xml, skip docs/juejinzhuanlan
------------------------------------------------------
Started: 2026-08-17 12:17:41.385639
Existing_entries: 0
Fetching from https://rsshub.app/juejin/posts/1838039172387262
Fetch error: 403
Fetch failed from https://rsshub.app/juejin/posts/1838039172387262
append_entries: 0
error when rendering xml, skip docs/juejinzhuanlan
------------------------------------------------------
Started: 2026-08-17 14:15:44.731226
Existing_entries: 0
Fetching from https://rsshub.app/juejin/posts/1838039172387262
Fetch error: 403
Fetch failed from https://rsshub.app/juejin/posts/1838039172387262
append_entries: 0
error when rendering xml, skip docs/juejinzhuanlan
------------------------------------------------------
Started: 2026-08-17 16:12:26.521617
Existing_entries: 0
Fetching from https://rsshub.app/juejin/posts/1838039172387262
Fetch error: 403
Fetch failed from https://rsshub.app/juejin/posts/1838039172387262
append_entries: 0
error when rendering xml, skip docs/juejinzhuanlan
------------------------------------------------------
Started: 2026-08-17 18:19:34.490312
Existing_entries: 0
Fetching from https://rsshub.app/juejin/posts/1838039172387262
Fetch error: 403
Fetch failed from https://rsshub.app/juejin/posts/1838039172387262
append_entries: 0
error when rendering xml, skip docs/juejinzhuanlan
------------------------------------------------------
Started: 2026-08-17 20:12:48.601809
Existing_entries: 0
Fetching from https://rsshub.app/juejin/posts/1838039172387262
Fetch error: 403
Fetch failed from https://rsshub.app/juejin/posts/1838039172387262
append_entries: 0
error when rendering xml, skip docs/juejinzhuanlan
------------------------------------------------------
Started: 2026-08-17 22:11:16.497315
Existing_entries: 0
Fetching from https://rsshub.app/juejin/posts/1838039172387262
Fetch error: 403
Fetch failed from https://rsshub.app/juejin/posts/1838039172387262
append_entries: 0
error when rendering xml, skip docs/juejinzhuanlan
------------------------------------------------------
Started: 2026-08-18 00:30:02.339171
Existing_entries: 0
Fetching from https://rsshub.app/juejin/posts/1838039172387262
Fetch error: 403
Fetch failed from https://rsshub.app/juejin/posts/1838039172387262
append_entries: 0
error when rendering xml, skip docs/juejinzhuanlan
------------------------------------------------------
Started: 2026-08-18 02:45:34.277837
Existing_entries: 0
Fetching from https://rsshub.app/juejin/posts/1838039172387262
Fetch error: 403
Fetch failed from https://rsshub.app/juejin/posts/1838039172387262
append_entries: 0
error when rendering xml, skip docs/juejinzhuanlan
------------------------------------------------------
Started: 2026-08-18 04:22:49.651318
Existing_entries: 0
Fetching from https://rsshub.app/juejin/posts/1838039172387262
Fetch error: 403
Fetch failed from https://rsshub.app/juejin/posts/1838039172387262
append_entries: 0
error when rendering xml, skip docs/juejinzhuanlan
------------------------------------------------------
Started: 2026-08-18 06:20:49.509277
Existing_entries: 0
Fetching from https://rsshub.app/juejin/posts/1838039172387262
Fetch error: 403
Fetch failed from https://rsshub.app/juejin/posts/1838039172387262
append_entries: 0
error when rendering xml, skip docs/juejinzhuanlan
------------------------------------------------------
Started: 2026-08-18 08:21:04.207999
Existing_entries: 0
Fetching from https://rsshub.app/juejin/posts/1838039172387262
Fetch error: 403
Fetch failed from https://rsshub.app/juejin/posts/1838039172387262
append_entries: 0
error when rendering xml, skip docs/juejinzhuanlan
------------------------------------------------------
Started: 2026-08-18 10:15:26.962154
Existing_entries: 0
Fetching from https://rsshub.app/juejin/posts/1838039172387262
Fetch error: 403
Fetch failed from https://rsshub.app/juejin/posts/1838039172387262
append_entries: 0
error when rendering xml, skip docs/juejinzhuanlan
------------------------------------------------------
Started: 2026-08-18 12:19:12.204823
Existing_entries: 0
Fetching from https://rsshub.app/juejin/posts/1838039172387262
Fetch error: 403
Fetch failed from https://rsshub.app/juejin/posts/1838039172387262
append_entries: 0
error when rendering xml, skip docs/juejinzhuanlan
------------------------------------------------------
Started: 2026-08-18 14:20:22.172600
Existing_entries: 0
Fetching from https://rsshub.app/juejin/posts/1838039172387262
Fetch error: 403
Fetch failed from https://rsshub.app/juejin/posts/1838039172387262
append_entries: 0
error when rendering xml, skip docs/juejinzhuanlan
------------------------------------------------------
Started: 2026-08-18 16:16:40.500471
Existing_entries: 0
Fetching from https://rsshub.app/juejin/posts/1838039172387262
Fetch error: 403
Fetch failed from https://rsshub.app/juejin/posts/1838039172387262
append_entries: 0
error when rendering xml, skip docs/juejinzhuanlan
------------------------------------------------------
Started: 2026-08-18 18:18:15.131435
Existing_entries: 0
Fetching from https://rsshub.app/juejin/posts/1838039172387262
Fetch error: 403
Fetch failed from https://rsshub.app/juejin/posts/1838039172387262
append_entries: 0
error when rendering xml, skip docs/juejinzhuanlan
------------------------------------------------------
Started: 2026-08-18 20:09:57.628955
Existing_entries: 0
Fetching from https://rsshub.app/juejin/posts/1838039172387262
Fetch error: 403
Fetch failed from https://rsshub.app/juejin/posts/1838039172387262
append_entries: 0
error when rendering xml, skip docs/juejinzhuanlan
------------------------------------------------------
Started: 2026-08-18 22:09:45.216860
Existing_entries: 0
Fetching from https://rsshub.app/juejin/posts/1838039172387262
Fetch error: 403
Fetch failed from https://rsshub.app/juejin/posts/1838039172387262
append_entries: 0
error when rendering xml, skip docs/juejinzhuanlan
------------------------------------------------------
Started: 2026-08-19 00:30:33.001176
Existing_entries: 0
Fetching from https://rsshub.app/juejin/posts/1838039172387262
Fetch error: 403
Fetch failed from https://rsshub.app/juejin/posts/1838039172387262
append_entries: 0
error when rendering xml, skip docs/juejinzhuanlan
------------------------------------------------------
Started: 2026-08-19 02:47:52.355718
Existing_entries: 0
Fetching from https://rsshub.app/juejin/posts/1838039172387262
Fetch error: 403
Fetch failed from https://rsshub.app/juejin/posts/1838039172387262
append_entries: 0
error when rendering xml, skip docs/juejinzhuanlan
------------------------------------------------------
Started: 2026-08-19 04:24:21.673146
Existing_entries: 0
Fetching from https://rsshub.app/juejin/posts/1838039172387262
Fetch error: 403
Fetch failed from https://rsshub.app/juejin/posts/1838039172387262
append_entries: 0
error when rendering xml, skip docs/juejinzhuanlan
------------------------------------------------------
Started: 2026-08-19 06:21:42.979684
Existing_entries: 0
Fetching from https://rsshub.app/juejin/posts/1838039172387262
Fetch error: 403
Fetch failed from https://rsshub.app/juejin/posts/1838039172387262
append_entries: 0
error when rendering xml, skip docs/juejinzhuanlan
------------------------------------------------------
Started: 2026-08-19 08:21:17.953223
Existing_entries: 0
Fetching from https://rsshub.app/juejin/posts/1838039172387262
Fetch error: 403
Fetch failed from https://rsshub.app/juejin/posts/1838039172387262
append_entries: 0
error when rendering xml, skip docs/juejinzhuanlan
------------------------------------------------------
Started: 2026-08-19 10:15:41.682803
Existing_entries: 0
Fetching from https://rsshub.app/juejin/posts/1838039172387262
Fetch error: 403
Fetch failed from https://rsshub.app/juejin/posts/1838039172387262
append_entries: 0
error when rendering xml, skip docs/juejinzhuanlan
------------------------------------------------------
Started: 2026-08-19 12:18:54.152241
Existing_entries: 0
Fetching from https://rsshub.app/juejin/posts/1838039172387262
Fetch error: 403
Fetch failed from https://rsshub.app/juejin/posts/1838039172387262
append_entries: 0
error when rendering xml, skip docs/juejinzhuanlan
------------------------------------------------------
Started: 2026-08-19 14:21:03.537278
Existing_entries: 0
Fetching from https://rsshub.app/juejin/posts/1838039172387262
Fetch error: 403
Fetch failed from https://rsshub.app/juejin/posts/1838039172387262
append_entries: 0
error when rendering xml, skip docs/juejinzhuanlan
------------------------------------------------------
Started: 2026-08-19 16:16:31.486636
Existing_entries: 0
Fetching from https://rsshub.app/juejin/posts/1838039172387262
Fetch error: 403
Fetch failed from https://rsshub.app/juejin/posts/1838039172387262
append_entries: 0
error when rendering xml, skip docs/juejinzhuanlan
------------------------------------------------------
Started: 2026-08-19 18:15:25.763973
Existing_entries: 0
Fetching from https://rsshub.app/juejin/posts/1838039172387262
Fetch error: 403
Fetch failed from https://rsshub.app/juejin/posts/1838039172387262
append_entries: 0
error when rendering xml, skip docs/juejinzhuanlan
------------------------------------------------------
Started: 2026-08-19 20:12:29.940940
Existing_entries: 0
Fetching from https://rsshub.app/juejin/posts/1838039172387262
Fetch error: 403
Fetch failed from https://rsshub.app/juejin/posts/1838039172387262
append_entries: 0
error when rendering xml, skip docs/juejinzhuanlan
------------------------------------------------------
Started: 2026-08-19 22:11:58.968814
Existing_entries: 0
Fetching from https://rsshub.app/juejin/posts/1838039172387262
Fetch error: 403
Fetch failed from https://rsshub.app/juejin/posts/1838039172387262
append_entries: 0
error when rendering xml, skip docs/juejinzhuanlan
------------------------------------------------------
Started: 2026-08-20 00:30:44.458371
Existing_entries: 0
Fetching from https://rsshub.app/juejin/posts/1838039172387262
Fetch error: 403
Fetch failed from https://rsshub.app/juejin/posts/1838039172387262
append_entries: 0
error when rendering xml, skip docs/juejinzhuanlan
------------------------------------------------------
Started: 2026-08-20 02:46:51.960927
Existing_entries: 0
Fetching from https://rsshub.app/juejin/posts/1838039172387262
Fetch error: 403
Fetch failed from https://rsshub.app/juejin/posts/1838039172387262
append_entries: 0
error when rendering xml, skip docs/juejinzhuanlan
------------------------------------------------------
Started: 2026-08-20 04:24:39.535595
Existing_entries: 0
Fetching from https://rsshub.app/juejin/posts/1838039172387262
Fetch error: 403
Fetch failed from https://rsshub.app/juejin/posts/1838039172387262
append_entries: 0
error when rendering xml, skip docs/juejinzhuanlan
------------------------------------------------------
Started: 2026-08-20 06:22:32.596279
Existing_entries: 0
Fetching from https://rsshub.app/juejin/posts/1838039172387262
Fetch error: 403
Fetch failed from https://rsshub.app/juejin/posts/1838039172387262
append_entries: 0
error when rendering xml, skip docs/juejinzhuanlan
------------------------------------------------------
Started: 2026-08-20 08:22:08.395934
Existing_entries: 0
Fetching from https://rsshub.app/juejin/posts/1838039172387262
Fetch error: 403
Fetch failed from https://rsshub.app/juejin/posts/1838039172387262
append_entries: 0
error when rendering xml, skip docs/juejinzhuanlan
------------------------------------------------------
Started: 2026-08-20 10:17:29.443193
Existing_entries: 0
Fetching from https://rsshub.app/juejin/posts/1838039172387262
Fetch error: 403
Fetch failed from https://rsshub.app/juejin/posts/1838039172387262
append_entries: 0
error when rendering xml, skip docs/juejinzhuanlan
------------------------------------------------------
Started: 2026-08-20 12:21:08.079064
Existing_entries: 0
Fetching from https://rsshub.app/juejin/posts/1838039172387262
Fetch error: 403
Fetch failed from https://rsshub.app/juejin/posts/1838039172387262
append_entries: 0
error when rendering xml, skip docs/juejinzhuanlan
------------------------------------------------------
Started: 2026-08-20 14:23:21.289567
Existing_entries: 0
Fetching from https://rsshub.app/juejin/posts/1838039172387262
Fetch error: 403
Fetch failed from https://rsshub.app/juejin/posts/1838039172387262
append_entries: 0
error when rendering xml, skip docs/juejinzhuanlan
------------------------------------------------------
Started: 2026-08-20 16:19:13.509711
Existing_entries: 0
Fetching from https://rsshub.app/juejin/posts/1838039172387262
Fetch error: 403
Fetch failed from https://rsshub.app/juejin/posts/1838039172387262
append_entries: 0
error when rendering xml, skip docs/juejinzhuanlan
------------------------------------------------------
Started: 2026-08-20 18:19:46.575802
Existing_entries: 0
Fetching from https://rsshub.app/juejin/posts/1838039172387262
Fetch error: 403
Fetch failed from https://rsshub.app/juejin/posts/1838039172387262
append_entries: 0
error when rendering xml, skip docs/juejinzhuanlan
------------------------------------------------------
Started: 2026-08-20 20:14:47.149821
Existing_entries: 0
Fetching from https://rsshub.app/juejin/posts/1838039172387262
Fetch error: 403
Fetch failed from https://rsshub.app/juejin/posts/1838039172387262
append_entries: 0
error when rendering xml, skip docs/juejinzhuanlan
------------------------------------------------------
Started: 2026-08-20 22:13:56.584748
Existing_entries: 0
Fetching from https://rsshub.app/juejin/posts/1838039172387262
Fetch error: 403
Fetch failed from https://rsshub.app/juejin/posts/1838039172387262
append_entries: 0
error when rendering xml, skip docs/juejinzhuanlan
------------------------------------------------------
Started: 2026-08-21 00:33:19.217279
Existing_entries: 0
Fetching from https://rsshub.app/juejin/posts/1838039172387262
Fetch error: 403
Fetch failed from https://rsshub.app/juejin/posts/1838039172387262
append_entries: 0
error when rendering xml, skip docs/juejinzhuanlan
------------------------------------------------------
Started: 2026-08-21 02:53:03.417276
Existing_entries: 0
Fetching from https://rsshub.app/juejin/posts/1838039172387262
Fetch error: 403
Fetch failed from https://rsshub.app/juejin/posts/1838039172387262
append_entries: 0
error when rendering xml, skip docs/juejinzhuanlan
------------------------------------------------------
Started: 2026-08-21 04:26:06.375134
Existing_entries: 0
Fetching from https://rsshub.app/juejin/posts/1838039172387262
Fetch error: 403
Fetch failed from https://rsshub.app/juejin/posts/1838039172387262
append_entries: 0
error when rendering xml, skip docs/juejinzhuanlan
------------------------------------------------------
Started: 2026-08-21 06:22:46.084274
Existing_entries: 0
Fetching from https://rsshub.app/juejin/posts/1838039172387262
Fetch error: 403
Fetch failed from https://rsshub.app/juejin/posts/1838039172387262
append_entries: 0
error when rendering xml, skip docs/juejinzhuanlan
------------------------------------------------------
Started: 2026-08-21 08:23:56.329820
Existing_entries: 0
Fetching from https://rsshub.app/juejin/posts/1838039172387262
Fetch error: 403
Fetch failed from https://rsshub.app/juejin/posts/1838039172387262
append_entries: 0
error when rendering xml, skip docs/juejinzhuanlan
------------------------------------------------------
Started: 2026-08-21 10:17:31.710188
Existing_entries: 0
Fetching from https://rsshub.app/juejin/posts/1838039172387262
Fetch error: 403
Fetch failed from https://rsshub.app/juejin/posts/1838039172387262
append_entries: 0
error when rendering xml, skip docs/juejinzhuanlan
------------------------------------------------------
Started: 2026-08-21 12:20:23.919437
Existing_entries: 0
Fetching from https://rsshub.app/juejin/posts/1838039172387262
Fetch error: 403
Fetch failed from https://rsshub.app/juejin/posts/1838039172387262
append_entries: 0
error when rendering xml, skip docs/juejinzhuanlan
------------------------------------------------------
Started: 2026-08-21 14:22:02.759352
Existing_entries: 0
Fetching from https://rsshub.app/juejin/posts/1838039172387262
Fetch error: 403
Fetch failed from https://rsshub.app/juejin/posts/1838039172387262
append_entries: 0
error when rendering xml, skip docs/juejinzhuanlan
------------------------------------------------------
Started: 2026-08-21 16:17:41.083772
Existing_entries: 0
Fetching from https://rsshub.app/juejin/posts/1838039172387262
Fetch error: 403
Fetch failed from https://rsshub.app/juejin/posts/1838039172387262
append_entries: 0
error when rendering xml, skip docs/juejinzhuanlan
------------------------------------------------------
Started: 2026-08-21 18:19:01.293642
Existing_entries: 0
Fetching from https://rsshub.app/juejin/posts/1838039172387262
Fetch error: 403
Fetch failed from https://rsshub.app/juejin/posts/1838039172387262
append_entries: 0
error when rendering xml, skip docs/juejinzhuanlan
------------------------------------------------------
Started: 2026-08-21 20:11:39.928556
Existing_entries: 0
Fetching from https://rsshub.app/juejin/posts/1838039172387262
Fetch error: 403
Fetch failed from https://rsshub.app/juejin/posts/1838039172387262
append_entries: 0
error when rendering xml, skip docs/juejinzhuanlan
------------------------------------------------------
Started: 2026-08-21 22:11:02.639951
Existing_entries: 0
Fetching from https://rsshub.app/juejin/posts/1838039172387262
Fetch error: 403
Fetch failed from https://rsshub.app/juejin/posts/1838039172387262
append_entries: 0
error when rendering xml, skip docs/juejinzhuanlan
------------------------------------------------------
Started: 2026-08-22 00:30:03.858779
Existing_entries: 0
Fetching from https://rsshub.app/juejin/posts/1838039172387262
Fetch error: 403
Fetch failed from https://rsshub.app/juejin/posts/1838039172387262
append_entries: 0
error when rendering xml, skip docs/juejinzhuanlan
------------------------------------------------------
Started: 2026-08-22 02:44:10.467895
Existing_entries: 0
Fetching from https://rsshub.app/juejin/posts/1838039172387262
Fetch error: 403
Fetch failed from https://rsshub.app/juejin/posts/1838039172387262
append_entries: 0
error when rendering xml, skip docs/juejinzhuanlan
------------------------------------------------------
Started: 2026-08-22 04:20:31.612146
Existing_entries: 0
Fetching from https://rsshub.app/juejin/posts/1838039172387262
Fetch error: 403
Fetch failed from https://rsshub.app/juejin/posts/1838039172387262
append_entries: 0
error when rendering xml, skip docs/juejinzhuanlan
------------------------------------------------------
Started: 2026-08-22 06:18:04.234759
Existing_entries: 0
Fetching from https://rsshub.app/juejin/posts/1838039172387262
Fetch error: 403
Fetch failed from https://rsshub.app/juejin/posts/1838039172387262
append_entries: 0
error when rendering xml, skip docs/juejinzhuanlan
------------------------------------------------------
Started: 2026-08-22 08:14:58.793285
Existing_entries: 0
Fetching from https://rsshub.app/juejin/posts/1838039172387262
Fetch error: 403
Fetch failed from https://rsshub.app/juejin/posts/1838039172387262
append_entries: 0
error when rendering xml, skip docs/juejinzhuanlan
------------------------------------------------------
Started: 2026-08-22 10:10:34.486413
Existing_entries: 0
Fetching from https://rsshub.app/juejin/posts/1838039172387262
Fetch error: 403
Fetch failed from https://rsshub.app/juejin/posts/1838039172387262
append_entries: 0
error when rendering xml, skip docs/juejinzhuanlan
------------------------------------------------------
Started: 2026-08-22 12:13:56.041209
Existing_entries: 0
Fetching from https://rsshub.app/juejin/posts/1838039172387262
Fetch error: 403
Fetch failed from https://rsshub.app/juejin/posts/1838039172387262
append_entries: 0
error when rendering xml, skip docs/juejinzhuanlan
------------------------------------------------------
Started: 2026-08-22 14:09:15.808495
Existing_entries: 0
Fetching from https://rsshub.app/juejin/posts/1838039172387262
Fetch error: 403
Fetch failed from https://rsshub.app/juejin/posts/1838039172387262
append_entries: 0
error when rendering xml, skip docs/juejinzhuanlan
------------------------------------------------------
Started: 2026-08-22 16:09:17.714483
Existing_entries: 0
Fetching from https://rsshub.app/juejin/posts/1838039172387262
Fetch error: 403
Fetch failed from https://rsshub.app/juejin/posts/1838039172387262
append_entries: 0
error when rendering xml, skip docs/juejinzhuanlan
------------------------------------------------------
Started: 2026-08-22 18:11:35.204094
Existing_entries: 0
Fetching from https://rsshub.app/juejin/posts/1838039172387262
Fetch error: 403
Fetch failed from https://rsshub.app/juejin/posts/1838039172387262
append_entries: 0
error when rendering xml, skip docs/juejinzhuanlan
------------------------------------------------------
Started: 2026-08-22 20:09:05.824139
Existing_entries: 0
Fetching from https://rsshub.app/juejin/posts/1838039172387262
Fetch error: 403
Fetch failed from https://rsshub.app/juejin/posts/1838039172387262
append_entries: 0
error when rendering xml, skip docs/juejinzhuanlan
------------------------------------------------------
Started: 2026-08-22 22:08:52.335389
Existing_entries: 0
Fetching from https://rsshub.app/juejin/posts/1838039172387262
Fetch error: 403
Fetch failed from https://rsshub.app/juejin/posts/1838039172387262
append_entries: 0
error when rendering xml, skip docs/juejinzhuanlan
------------------------------------------------------
Started: 2026-08-23 00:33:07.616708
Existing_entries: 0
Fetching from https://rsshub.app/juejin/posts/1838039172387262
Fetch error: 403
Fetch failed from https://rsshub.app/juejin/posts/1838039172387262
append_entries: 0
error when rendering xml, skip docs/juejinzhuanlan
------------------------------------------------------
Started: 2026-08-23 02:52:56.318650
Existing_entries: 0
Fetching from https://rsshub.app/juejin/posts/1838039172387262
Fetch error: 403
Fetch failed from https://rsshub.app/juejin/posts/1838039172387262
append_entries: 0
error when rendering xml, skip docs/juejinzhuanlan
------------------------------------------------------
Started: 2026-08-23 04:25:07.740276
Existing_entries: 0
Fetching from https://rsshub.app/juejin/posts/1838039172387262
Fetch error: 403
Fetch failed from https://rsshub.app/juejin/posts/1838039172387262
append_entries: 0
error when rendering xml, skip docs/juejinzhuanlan
------------------------------------------------------
Started: 2026-08-23 06:19:45.922618
Existing_entries: 0
Fetching from https://rsshub.app/juejin/posts/1838039172387262
Fetch error: 403
Fetch failed from https://rsshub.app/juejin/posts/1838039172387262
append_entries: 0
error when rendering xml, skip docs/juejinzhuanlan
------------------------------------------------------
Started: 2026-08-23 08:15:33.382021
Existing_entries: 0
Fetching from https://rsshub.app/juejin/posts/1838039172387262
Fetch error: 403
Fetch failed from https://rsshub.app/juejin/posts/1838039172387262
append_entries: 0
error when rendering xml, skip docs/juejinzhuanlan
------------------------------------------------------
Started: 2026-08-23 10:11:18.418840
Existing_entries: 0
Fetching from https://rsshub.app/juejin/posts/1838039172387262
Fetch error: 403
Fetch failed from https://rsshub.app/juejin/posts/1838039172387262
append_entries: 0
error when rendering xml, skip docs/juejinzhuanlan
------------------------------------------------------
Started: 2026-08-23 12:14:32.857238
Existing_entries: 0
Fetching from https://rsshub.app/juejin/posts/1838039172387262
Fetch error: 403
Fetch failed from https://rsshub.app/juejin/posts/1838039172387262
append_entries: 0
error when rendering xml, skip docs/juejinzhuanlan
------------------------------------------------------
Started: 2026-08-23 14:11:40.281381
Existing_entries: 0
Fetching from https://rsshub.app/juejin/posts/1838039172387262
Fetch error: 403
Fetch failed from https://rsshub.app/juejin/posts/1838039172387262
append_entries: 0
error when rendering xml, skip docs/juejinzhuanlan
------------------------------------------------------
Started: 2026-08-23 16:10:36.966535
Existing_entries: 0
Fetching from https://rsshub.app/juejin/posts/1838039172387262
Fetch error: 403
Fetch failed from https://rsshub.app/juejin/posts/1838039172387262
append_entries: 0
error when rendering xml, skip docs/juejinzhuanlan
------------------------------------------------------
Started: 2026-08-23 18:11:14.438601
Existing_entries: 0
Fetching from https://rsshub.app/juejin/posts/1838039172387262
Fetch error: 403
Fetch failed from https://rsshub.app/juejin/posts/1838039172387262
append_entries: 0
error when rendering xml, skip docs/juejinzhuanlan
------------------------------------------------------
Started: 2026-08-23 20:08:35.524964
Existing_entries: 0
Fetching from https://rsshub.app/juejin/posts/1838039172387262
Fetch error: 403
Fetch failed from https://rsshub.app/juejin/posts/1838039172387262
append_entries: 0
error when rendering xml, skip docs/juejinzhuanlan
------------------------------------------------------
Started: 2026-08-23 22:08:51.596934
Existing_entries: 0
Fetching from https://rsshub.app/juejin/posts/1838039172387262
Fetch error: 403
Fetch failed from https://rsshub.app/juejin/posts/1838039172387262
append_entries: 0
error when rendering xml, skip docs/juejinzhuanlan
------------------------------------------------------
Started: 2026-08-24 00:32:08.188039
Existing_entries: 0
Fetching from https://rsshub.app/juejin/posts/1838039172387262
Fetch error: 403
Fetch failed from https://rsshub.app/juejin/posts/1838039172387262
append_entries: 0
error when rendering xml, skip docs/juejinzhuanlan
------------------------------------------------------
Started: 2026-08-24 02:53:27.890774
Existing_entries: 0
Fetching from https://rsshub.app/juejin/posts/1838039172387262
Fetch error: 403
Fetch failed from https://rsshub.app/juejin/posts/1838039172387262
append_entries: 0
error when rendering xml, skip docs/juejinzhuanlan
------------------------------------------------------
Started: 2026-08-24 04:33:16.252551
Existing_entries: 0
Fetching from https://rsshub.app/juejin/posts/1838039172387262
Fetch error: 403
Fetch failed from https://rsshub.app/juejin/posts/1838039172387262
append_entries: 0
error when rendering xml, skip docs/juejinzhuanlan
------------------------------------------------------
Started: 2026-08-24 06:32:01.499038
Existing_entries: 0
Fetching from https://rsshub.app/juejin/posts/1838039172387262
Fetch error: 403
Fetch failed from https://rsshub.app/juejin/posts/1838039172387262
append_entries: 0
error when rendering xml, skip docs/juejinzhuanlan
------------------------------------------------------
Started: 2026-08-24 08:33:30.892699
Existing_entries: 0
Fetching from https://rsshub.app/juejin/posts/1838039172387262
Fetch error: 403
Fetch failed from https://rsshub.app/juejin/posts/1838039172387262
append_entries: 0
error when rendering xml, skip docs/juejinzhuanlan
------------------------------------------------------
Started: 2026-08-24 10:25:39.578065
Existing_entries: 0
Fetching from https://rsshub.app/juejin/posts/1838039172387262
Fetch error: 403
Fetch failed from https://rsshub.app/juejin/posts/1838039172387262
append_entries: 0
error when rendering xml, skip docs/juejinzhuanlan
------------------------------------------------------
Started: 2026-08-24 12:21:23.874516
Existing_entries: 0
Fetching from https://rsshub.app/juejin/posts/1838039172387262
Fetch error: 403
Fetch failed from https://rsshub.app/juejin/posts/1838039172387262
append_entries: 0
error when rendering xml, skip docs/juejinzhuanlan
------------------------------------------------------
Started: 2026-08-24 14:29:54.676943
Existing_entries: 0
Fetching from https://rsshub.app/juejin/posts/1838039172387262
Fetch error: 403
Fetch failed from https://rsshub.app/juejin/posts/1838039172387262
append_entries: 0
error when rendering xml, skip docs/juejinzhuanlan
------------------------------------------------------
Started: 2026-08-24 16:21:17.753536
Existing_entries: 0
Fetching from https://rsshub.app/juejin/posts/1838039172387262
Fetch error: 403
Fetch failed from https://rsshub.app/juejin/posts/1838039172387262
append_entries: 0
error when rendering xml, skip docs/juejinzhuanlan
------------------------------------------------------
Started: 2026-08-24 18:21:16.188537
Existing_entries: 0
Fetching from https://rsshub.app/juejin/posts/1838039172387262
Fetch error: 403
Fetch failed from https://rsshub.app/juejin/posts/1838039172387262
append_entries: 0
error when rendering xml, skip docs/juejinzhuanlan
------------------------------------------------------
Started: 2026-08-24 20:15:49.989131
Existing_entries: 0
Fetching from https://rsshub.app/juejin/posts/1838039172387262
Fetch error: 403
Fetch failed from https://rsshub.app/juejin/posts/1838039172387262
append_entries: 0
error when rendering xml, skip docs/juejinzhuanlan
------------------------------------------------------
Started: 2026-08-24 22:12:59.456001
Existing_entries: 0
Fetching from https://rsshub.app/juejin/posts/1838039172387262
Fetch error: 403
Fetch failed from https://rsshub.app/juejin/posts/1838039172387262
append_entries: 0
error when rendering xml, skip docs/juejinzhuanlan
------------------------------------------------------
Started: 2026-08-25 00:31:40.209985
Existing_entries: 0
Fetching from https://rsshub.app/juejin/posts/1838039172387262
Fetch error: 403
Fetch failed from https://rsshub.app/juejin/posts/1838039172387262
append_entries: 0
error when rendering xml, skip docs/juejinzhuanlan
------------------------------------------------------
Started: 2026-08-25 02:48:59.265983
Existing_entries: 0
Fetching from https://rsshub.app/juejin/posts/1838039172387262
Fetch error: 403
Fetch failed from https://rsshub.app/juejin/posts/1838039172387262
append_entries: 0
error when rendering xml, skip docs/juejinzhuanlan
------------------------------------------------------
Started: 2026-08-25 04:26:41.748224
Existing_entries: 0
Fetching from https://rsshub.app/juejin/posts/1838039172387262
Fetch error: 403
Fetch failed from https://rsshub.app/juejin/posts/1838039172387262
append_entries: 0
error when rendering xml, skip docs/juejinzhuanlan
------------------------------------------------------
Started: 2026-08-25 06:23:05.797039
Existing_entries: 0
Fetching from https://rsshub.app/juejin/posts/1838039172387262
Fetch error: 403
Fetch failed from https://rsshub.app/juejin/posts/1838039172387262
append_entries: 0
error when rendering xml, skip docs/juejinzhuanlan
------------------------------------------------------
Started: 2026-08-25 08:27:09.667726
Existing_entries: 0
Fetching from https://rsshub.app/juejin/posts/1838039172387262
Fetch error: 403
Fetch failed from https://rsshub.app/juejin/posts/1838039172387262
append_entries: 0
error when rendering xml, skip docs/juejinzhuanlan
------------------------------------------------------
Started: 2026-08-25 10:19:23.801630
Existing_entries: 0
Fetching from https://rsshub.app/juejin/posts/1838039172387262
Fetch error: 403
Fetch failed from https://rsshub.app/juejin/posts/1838039172387262
append_entries: 0
error when rendering xml, skip docs/juejinzhuanlan
------------------------------------------------------
Started: 2026-08-25 12:21:40.465775
Existing_entries: 0
Fetching from https://rsshub.app/juejin/posts/1838039172387262
Fetch error: 403
Fetch failed from https://rsshub.app/juejin/posts/1838039172387262
append_entries: 0
error when rendering xml, skip docs/juejinzhuanlan
------------------------------------------------------
Started: 2026-08-25 14:32:39.644340
Existing_entries: 0
Fetching from https://rsshub.app/juejin/posts/1838039172387262
Fetch error: 403
Fetch failed from https://rsshub.app/juejin/posts/1838039172387262
append_entries: 0
error when rendering xml, skip docs/juejinzhuanlan
------------------------------------------------------
Started: 2026-08-25 16:21:56.067812
Existing_entries: 0
Fetching from https://rsshub.app/juejin/posts/1838039172387262
Fetch error: 403
Fetch failed from https://rsshub.app/juejin/posts/1838039172387262
append_entries: 0
error when rendering xml, skip docs/juejinzhuanlan
------------------------------------------------------
Started: 2026-08-25 18:20:33.465608
Existing_entries: 0
Fetching from https://rsshub.app/juejin/posts/1838039172387262
Fetch error: 403
Fetch failed from https://rsshub.app/juejin/posts/1838039172387262
append_entries: 0
error when rendering xml, skip docs/juejinzhuanlan
------------------------------------------------------
Started: 2026-08-25 20:14:38.218605
Existing_entries: 0
Fetching from https://rsshub.app/juejin/posts/1838039172387262
Fetch error: 403
Fetch failed from https://rsshub.app/juejin/posts/1838039172387262
append_entries: 0
error when rendering xml, skip docs/juejinzhuanlan
------------------------------------------------------
Started: 2026-08-25 22:12:53.594314
Existing_entries: 0
Fetching from https://rsshub.app/juejin/posts/1838039172387262
Fetch error: 403
Fetch failed from https://rsshub.app/juejin/posts/1838039172387262
append_entries: 0
error when rendering xml, skip docs/juejinzhuanlan
------------------------------------------------------
Started: 2026-08-26 00:32:49.103055
Existing_entries: 0
Fetching from https://rsshub.app/juejin/posts/1838039172387262
Fetch error: 403
Fetch failed from https://rsshub.app/juejin/posts/1838039172387262
append_entries: 0
error when rendering xml, skip docs/juejinzhuanlan
------------------------------------------------------
Started: 2026-08-26 02:55:06.765492
Existing_entries: 0
Fetching from https://rsshub.app/juejin/posts/1838039172387262
Fetch error: 403
Fetch failed from https://rsshub.app/juejin/posts/1838039172387262
append_entries: 0
error when rendering xml, skip docs/juejinzhuanlan
------------------------------------------------------
Started: 2026-08-26 04:27:57.005668
Existing_entries: 0
Fetching from https://rsshub.app/juejin/posts/1838039172387262
Fetch error: 403
Fetch failed from https://rsshub.app/juejin/posts/1838039172387262
append_entries: 0
error when rendering xml, skip docs/juejinzhuanlan
------------------------------------------------------
Started: 2026-08-26 06:25:12.540997
Existing_entries: 0
Fetching from https://rsshub.app/juejin/posts/1838039172387262
Fetch error: 403
Fetch failed from https://rsshub.app/juejin/posts/1838039172387262
append_entries: 0
error when rendering xml, skip docs/juejinzhuanlan
------------------------------------------------------
Started: 2026-08-26 08:28:16.894574
Existing_entries: 0
Fetching from https://rsshub.app/juejin/posts/1838039172387262
Fetch error: 403
Fetch failed from https://rsshub.app/juejin/posts/1838039172387262
append_entries: 0
error when rendering xml, skip docs/juejinzhuanlan
------------------------------------------------------
Started: 2026-08-26 10:22:48.790732
Existing_entries: 0
Fetching from https://rsshub.app/juejin/posts/1838039172387262
Fetch error: 403
Fetch failed from https://rsshub.app/juejin/posts/1838039172387262
append_entries: 0
error when rendering xml, skip docs/juejinzhuanlan
